2026-08-05 17:37:02.139 +07:00 [INF] ============================================
2026-08-05 17:37:02.156 +07:00 [INF] Initializing GameServer build
2026-08-05 17:37:02.157 +07:00 [INF] New IDS
2026-08-05 17:37:02.157 +07:00 [INF] Latest S4
2026-08-05 17:37:02.158 +07:00 [INF] ============================================
2026-08-05 17:37:02.158 +07:00 [INF] Initializing Database
2026-08-05 17:37:02.304 +07:00 [INF] Initializing...
2026-08-05 17:37:02.924 +07:00 [ERR] MySql.Data.MySqlClient.MySqlException (0x80004005): Authentication to host 'localhost' for user 'root' using method 'mysql_native_password' failed with message: Unknown database 's4casey' ---> MySql.Data.MySqlClient.MySqlException (0x80004005): Unknown database 's4casey'
   at MySql.Data.MySqlClient.MySqlStream.ReadPacket()
   at MySql.Data.MySqlClient.Authentication.MySqlAuthenticationPlugin.ReadPacket()
   at MySql.Data.MySqlClient.Authentication.MySqlAuthenticationPlugin.AuthenticationFailed(Exception ex)
   at MySql.Data.MySqlClient.Authentication.MySqlAuthenticationPlugin.ReadPacket()
   at MySql.Data.MySqlClient.Authentication.MySqlAuthenticationPlugin.Authenticate(Boolean reset)
   at MySql.Data.MySqlClient.NativeDriver.Open()
   at MySql.Data.MySqlClient.Driver.Open()
   at MySql.Data.MySqlClient.Driver.Create(MySqlConnectionStringBuilder settings)
   at MySql.Data.MySqlClient.MySqlPool.CreateNewPooledConnection()
   at MySql.Data.MySqlClient.MySqlPool.GetPooledConnection()
   at MySql.Data.MySqlClient.MySqlPool.TryToGetDriver()
   at MySql.Data.MySqlClient.MySqlPool.GetConnection()
   at MySql.Data.MySqlClient.MySqlConnection.Open()
   at NeoNetsphere.AuthDatabase.Open() in D:\Dera\Project\S4League-Netsphere\src\GameServer\Program.cs:line 812
   at NeoNetsphere.AuthDatabase.Initialize() in D:\Dera\Project\S4League-Netsphere\src\GameServer\Program.cs:line 759
   at NeoNetsphere.Program.Main() in D:\Dera\Project\S4League-Netsphere\src\GameServer\Program.cs:line 164
2026-08-05 17:37:27.811 +07:00 [INF] ============================================
2026-08-05 17:37:27.828 +07:00 [INF] Initializing GameServer build
2026-08-05 17:37:27.828 +07:00 [INF] New IDS
2026-08-05 17:37:27.828 +07:00 [INF] Latest S4
2026-08-05 17:37:27.829 +07:00 [INF] ============================================
2026-08-05 17:37:27.829 +07:00 [INF] Initializing Database
2026-08-05 17:37:27.833 +07:00 [INF] Initializing...
2026-08-05 17:37:28.279 +07:00 [INF] Initializing...
2026-08-05 17:37:28.282 +07:00 [INF] Starting Server
2026-08-05 17:37:28.282 +07:00 [INF] ____________________________________________
2026-08-05 17:37:28.283 +07:00 [INF] ____________________________________________
2026-08-05 17:37:28.283 +07:00 [INF] ============================================
2026-08-05 17:37:28.283 +07:00 [INF] Starting Serverinstances and ResourceCache..
2026-08-05 17:37:28.845 +07:00 [INF] Caching: Channels
2026-08-05 17:37:28.846 +07:00 [INF] Caching...
2026-08-05 17:37:28.868 +07:00 [INF] Caching: Clubs
2026-08-05 17:37:28.868 +07:00 [INF] Caching...
2026-08-05 17:37:29.025 +07:00 [INF] Starting - tcp=127.0.0.1:28004 udp=null udp-port=null
2026-08-05 17:37:29.105 +07:00 [INF] Starting - tcp=127.0.0.1:28005 udp=127.0.0.1 udp-port=null
2026-08-05 17:37:29.106 +07:00 [INF] Starting - tcp=127.0.0.1:28003 udp=null udp-port=null
2026-08-05 17:37:29.109 +07:00 [INF] Caching: Effects
2026-08-05 17:37:29.109 +07:00 [INF] Caching...
2026-08-05 17:37:29.187 +07:00 [INF] Caching: Items
2026-08-05 17:37:29.189 +07:00 [INF] Caching...
2026-08-05 17:37:29.376 +07:00 [INF] Caching: DefaultItems
2026-08-05 17:37:29.377 +07:00 [INF] Caching...
2026-08-05 17:37:29.398 +07:00 [INF] Caching: Shop
2026-08-05 17:37:29.399 +07:00 [INF] Caching...
2026-08-05 17:37:29.532 +07:00 [INF] Caching: Experience
2026-08-05 17:37:29.533 +07:00 [INF] Caching...
2026-08-05 17:37:29.549 +07:00 [INF] Caching: Maps
2026-08-05 17:37:29.550 +07:00 [INF] Caching...
2026-08-05 17:37:29.574 +07:00 [INF] Caching: GameTempos
2026-08-05 17:37:29.575 +07:00 [INF] Caching...
2026-08-05 17:37:29.602 +07:00 [INF] Caching: Capsules
2026-08-05 17:37:29.603 +07:00 [INF] Caching...
2026-08-05 17:37:29.670 +07:00 [INF] Caching: RandomShop
2026-08-05 17:37:29.671 +07:00 [INF] Caching...
2026-08-05 17:37:29.682 +07:00 [INF] Caching: CardSystem
2026-08-05 17:37:29.682 +07:00 [INF] Caching...
2026-08-05 17:37:29.711 +07:00 [INF] Caching: ExperienceBonus
2026-08-05 17:37:29.712 +07:00 [INF] Caching...
2026-08-05 17:37:29.727 +07:00 [INF] Caching: PointBonus
2026-08-05 17:37:29.728 +07:00 [INF] Caching...
2026-08-05 17:37:29.745 +07:00 [INF] Caching: MasterExperience
2026-08-05 17:37:29.745 +07:00 [INF] Caching...
2026-08-05 17:37:29.761 +07:00 [INF] Caching: BurningTime
2026-08-05 17:37:29.762 +07:00 [INF] Caching...
2026-08-05 17:37:29.779 +07:00 [INF] Caching: BurningTimePve
2026-08-05 17:37:29.780 +07:00 [INF] Caching...
2026-08-05 17:37:29.786 +07:00 [INF] Caching: EquipLimit
2026-08-05 17:37:29.786 +07:00 [INF] Caching...
2026-08-05 17:37:29.803 +07:00 [INF] Caching: RoomOption
2026-08-05 17:37:29.804 +07:00 [INF] Caching...
2026-08-05 17:37:29.823 +07:00 [INF] Caching: EnchantData
2026-08-05 17:37:29.823 +07:00 [INF] Caching...
2026-08-05 17:37:29.840 +07:00 [INF] Caching: EnchantList
2026-08-05 17:37:29.841 +07:00 [INF] Caching...
2026-08-05 17:37:29.856 +07:00 [INF] Caching: EnchantExtractKey
2026-08-05 17:37:29.856 +07:00 [INF] Caching...
2026-08-05 17:37:29.871 +07:00 [INF] Caching: EsperEnchantPrice
2026-08-05 17:37:29.872 +07:00 [INF] Caching...
2026-08-05 17:37:29.882 +07:00 [INF] Caching: ItemGrade
2026-08-05 17:37:29.883 +07:00 [INF] Caching...
2026-08-05 17:37:29.897 +07:00 [INF] Caching: CombineElement
2026-08-05 17:37:29.898 +07:00 [INF] Caching...
2026-08-05 17:37:29.912 +07:00 [INF] Caching: DecompositionElement
2026-08-05 17:37:29.912 +07:00 [INF] Caching...
2026-08-05 17:37:29.926 +07:00 [INF] Caching: SeizeModeNewInfo
2026-08-05 17:37:29.927 +07:00 [INF] Caching...
2026-08-05 17:37:29.952 +07:00 [INF] Caching: StadiumInfo
2026-08-05 17:37:29.953 +07:00 [INF] Caching...
2026-08-05 17:37:29.972 +07:00 [INF] Caching: DecompositionInfo
2026-08-05 17:37:29.973 +07:00 [INF] Caching...
2026-08-05 17:37:29.997 +07:00 [INF] Caching: CombinationInfo
2026-08-05 17:37:29.997 +07:00 [INF] Caching...
2026-08-05 17:37:30.020 +07:00 [INF] Caching: MissionInfo
2026-08-05 17:37:30.021 +07:00 [INF] Caching...
2026-08-05 17:37:30.043 +07:00 [INF] Caching: ArcadeRewardInfo
2026-08-05 17:37:30.044 +07:00 [INF] Caching...
2026-08-05 17:37:30.059 +07:00 [INF] Caching: ArcadeItemInfo
2026-08-05 17:37:30.060 +07:00 [INF] Caching...
2026-08-05 17:37:30.074 +07:00 [INF] Caching: ChallengeArcadeInfo
2026-08-05 17:37:30.075 +07:00 [INF] Caching...
2026-08-05 17:37:30.094 +07:00 [INF] Caching: TaskListInfo
2026-08-05 17:37:30.095 +07:00 [INF] Caching...
2026-08-05 17:37:30.141 +07:00 [INF] Caching: PromotionInfo
2026-08-05 17:37:30.142 +07:00 [INF] Caching...
2026-08-05 17:37:30.209 +07:00 [INF] Caching: MakeCharacterInfo
2026-08-05 17:37:30.210 +07:00 [INF] Caching...
2026-08-05 17:37:30.249 +07:00 [INF] Caching: SupportItemInfo
2026-08-05 17:37:30.250 +07:00 [INF] Caching...
2026-08-05 17:37:30.266 +07:00 [INF] Starting Web Api
2026-08-05 17:37:30.269 +07:00 [INF] Serverinstances successfully started, ready for connections!
2026-08-05 17:37:30.269 +07:00 [INF] ____________________________________________________________
2026-08-05 17:37:30.326 +07:00 [INF] Connected to authserver
2026-08-05 17:58:27.611 +07:00 [WRN] Lost connection to authserver.
2026-08-05 17:58:30.045 +07:00 [ERR] Failed to connect authserver on endpoint 127.0.0.1:27000.
2026-08-05 17:58:34.844 +07:00 [ERR] Failed to connect authserver on endpoint 127.0.0.1:27000.
2026-08-05 17:58:39.631 +07:00 [ERR] Failed to connect authserver on endpoint 127.0.0.1:27000.
2026-08-05 17:58:44.430 +07:00 [ERR] Failed to connect authserver on endpoint 127.0.0.1:27000.
2026-08-05 17:58:49.236 +07:00 [ERR] Failed to connect authserver on endpoint 127.0.0.1:27000.
2026-08-05 17:58:54.054 +07:00 [ERR] Failed to connect authserver on endpoint 127.0.0.1:27000.
2026-08-05 17:58:58.870 +07:00 [ERR] Failed to connect authserver on endpoint 127.0.0.1:27000.
2026-08-05 17:59:01.648 +07:00 [INF] Connected to authserver
2026-08-05 17:59:10.639 +07:00 [DBG] New incoming client(1001) on [::ffff:127.0.0.1]:50065
2026-08-05 17:59:10.913 +07:00 [VRB] Handshake:NotifyCSEncryptedSessionKey
2026-08-05 17:59:10.923 +07:00 [VRB] Handshake:NotifyServerConnectionRequestData
2026-08-05 17:59:10.924 +07:00 [DBG] Adding new session 1001
2026-08-05 17:59:11.246 +07:00 [INF] GameServer login from 127.0.0.1:50065 : Country: UNK
2026-08-05 17:59:11.248 +07:00 [INF] Login success
2026-08-05 17:59:11.262 +07:00 [VRB] Sending message RandomShopUpdateCheckAckMessage using options={"Encrypt":true,"Compress":false,"$type":"SendOptions"}
2026-08-05 17:59:11.271 +07:00 [INF] RandomShop: pools=3 items=29
2026-08-05 17:59:11.287 +07:00 [VRB] Sending message RandomShopUpdateInfoAckMessage using options={"Encrypt":true,"Compress":false,"$type":"SendOptions"}
2026-08-05 17:59:11.376 +07:00 [VRB] Sending message NewShopUpdateCheckAckMessage using options={"Encrypt":true,"Compress":false,"$type":"SendOptions"}
2026-08-05 17:59:11.381 +07:00 [VRB] Sending message NewShopUpdataInfoAckMessage using options={"Encrypt":true,"Compress":true,"$type":"SendOptions"}
2026-08-05 17:59:11.477 +07:00 [VRB] Sending message NewShopUpdataInfoAckMessage using options={"Encrypt":true,"Compress":true,"$type":"SendOptions"}
2026-08-05 17:59:11.479 +07:00 [VRB] Sending message NewShopUpdataInfoAckMessage using options={"Encrypt":true,"Compress":true,"$type":"SendOptions"}
2026-08-05 17:59:11.497 +07:00 [VRB] Sending message NewShopUpdataInfoAckMessage using options={"Encrypt":true,"Compress":true,"$type":"SendOptions"}
2026-08-05 17:59:11.499 +07:00 [VRB] Sending message LoginReguestAckMessage using options={"Encrypt":true,"Compress":false,"$type":"SendOptions"}
2026-08-05 17:59:15.641 +07:00 [VRB] Sending message TimeSyncAckMessage using options={"Encrypt":true,"Compress":false,"$type":"SendOptions"}
2026-08-05 17:59:20.646 +07:00 [VRB] Sending message TimeSyncAckMessage using options={"Encrypt":true,"Compress":false,"$type":"SendOptions"}
2026-08-05 17:59:25.645 +07:00 [VRB] Sending message TimeSyncAckMessage using options={"Encrypt":true,"Compress":false,"$type":"SendOptions"}
2026-08-05 17:59:30.189 +07:00 [VRB] Sending message RequitalGiveItemResultAckMessage using options={"Encrypt":true,"Compress":false,"$type":"SendOptions"}
2026-08-05 17:59:30.239 +07:00 [VRB] Sending message MoneyRefreshCashInfoAckMessage using options={"Encrypt":true,"Compress":false,"$type":"SendOptions"}
2026-08-05 17:59:30.242 +07:00 [VRB] Sending message CharacterCurrentSlotInfoAckMessage using options={"Encrypt":true,"Compress":false,"$type":"SendOptions"}
2026-08-05 17:59:30.244 +07:00 [VRB] Sending message MoenyRefreshCoinInfoAckMessage using options={"Encrypt":true,"Compress":false,"$type":"SendOptions"}
2026-08-05 17:59:30.246 +07:00 [VRB] Sending message ShoppingBasketListInfoAckMessage using options={"Encrypt":true,"Compress":false,"$type":"SendOptions"}
2026-08-05 17:59:30.251 +07:00 [VRB] Sending message ItemInventoryInfoAckMessage using options={"Encrypt":true,"Compress":false,"$type":"SendOptions"}
2026-08-05 17:59:30.260 +07:00 [VRB] Sending message PlayeArcadeMapInfoAckMessage using options={"Encrypt":true,"Compress":false,"$type":"SendOptions"}
2026-08-05 17:59:30.263 +07:00 [VRB] Sending message PlayerArcadeStageInfoAckMessage using options={"Encrypt":true,"Compress":false,"$type":"SendOptions"}
2026-08-05 17:59:30.270 +07:00 [VRB] Sending message ClubMyInfoAckMessage using options={"Encrypt":true,"Compress":false,"$type":"SendOptions"}
2026-08-05 17:59:30.274 +07:00 [VRB] Sending message CharacterCurrentInfoAckMessage using options={"Encrypt":true,"Compress":false,"$type":"SendOptions"}
2026-08-05 17:59:30.277 +07:00 [VRB] Sending message CharacterCurrentItemInfoAckMessage using options={"Encrypt":true,"Compress":false,"$type":"SendOptions"}
2026-08-05 17:59:30.285 +07:00 [VRB] Sending message ItemEquipBoostItemInfoAckMessage using options={"Encrypt":true,"Compress":false,"$type":"SendOptions"}
2026-08-05 17:59:30.290 +07:00 [VRB] Sending message EspherChipLv5Message using options={"Encrypt":true,"Compress":false,"$type":"SendOptions"}
2026-08-05 17:59:30.292 +07:00 [VRB] Sending message ItemClearInvalidEquipItemAckMessage using options={"Encrypt":true,"Compress":false,"$type":"SendOptions"}
2026-08-05 17:59:30.295 +07:00 [VRB] Sending message ItemClearEsperChipAckMessage using options={"Encrypt":true,"Compress":false,"$type":"SendOptions"}
2026-08-05 17:59:30.297 +07:00 [VRB] Sending message MapOpenInfosMessage using options={"Encrypt":true,"Compress":false,"$type":"SendOptions"}
2026-08-05 17:59:30.301 +07:00 [VRB] Sending message PlayerAccountInfoAckMessage using options={"Encrypt":true,"Compress":false,"$type":"SendOptions"}
2026-08-05 17:59:30.319 +07:00 [VRB] Sending message ServerResultAckMessage using options={"Encrypt":true,"Compress":false,"$type":"SendOptions"}
2026-08-05 17:59:30.340 +07:00 [VRB] Sending message AdminShowWindowAckMessage using options={"Encrypt":true,"Compress":false,"$type":"SendOptions"}
2026-08-05 17:59:30.344 +07:00 [VRB] Sending message ItemUseItemAckMessage using options={"Encrypt":true,"Compress":false,"$type":"SendOptions"}
2026-08-05 17:59:30.653 +07:00 [VRB] Sending message TimeSyncAckMessage using options={"Encrypt":true,"Compress":false,"$type":"SendOptions"}
2026-08-05 17:59:31.449 +07:00 [DBG] New incoming client(1001) on [::ffff:127.0.0.1]:50073
2026-08-05 17:59:31.466 +07:00 [VRB] Handshake:NotifyCSEncryptedSessionKey
2026-08-05 17:59:31.478 +07:00 [VRB] Handshake:NotifyServerConnectionRequestData
2026-08-05 17:59:31.478 +07:00 [DBG] Adding new session 1001
2026-08-05 17:59:31.496 +07:00 [INF] ChatServer login from 127.0.0.1:50073
2026-08-05 17:59:31.497 +07:00 [INF] Login success
2026-08-05 17:59:31.498 +07:00 [VRB] Sending message LoginAckMessage using options={"Encrypt":true,"Compress":false,"$type":"SendOptions"}
2026-08-05 17:59:31.501 +07:00 [VRB] Sending message DenyListAckMessage using options={"Encrypt":true,"Compress":false,"$type":"SendOptions"}
2026-08-05 17:59:31.504 +07:00 [VRB] Sending message FriendListAckMessage using options={"Encrypt":true,"Compress":false,"$type":"SendOptions"}
2026-08-05 17:59:31.512 +07:00 [VRB] Sending message ChatPlayerInfoListAckMessage using options={"Encrypt":true,"Compress":false,"$type":"SendOptions"}
2026-08-05 17:59:31.518 +07:00 [VRB] Sending message ChatPlayerInfoAckMessage using options={"Encrypt":true,"Compress":false,"$type":"SendOptions"}
2026-08-05 17:59:35.666 +07:00 [VRB] Sending message TimeSyncAckMessage using options={"Encrypt":true,"Compress":false,"$type":"SendOptions"}
2026-08-05 17:59:37.025 +07:00 [INF] Playerdata save completed.
2026-08-05 17:59:40.666 +07:00 [VRB] Sending message TimeSyncAckMessage using options={"Encrypt":true,"Compress":false,"$type":"SendOptions"}
2026-08-05 17:59:45.687 +07:00 [VRB] Sending message TimeSyncAckMessage using options={"Encrypt":true,"Compress":false,"$type":"SendOptions"}
2026-08-05 18:00:04.933 +07:00 [VRB] Sending message ReliablePongMessage using options={"Encrypt":false,"Compress":false,"$type":"SendOptions"}
2026-08-05 18:00:06.034 +07:00 [VRB] Sending message TimeSyncAckMessage using options={"Encrypt":true,"Compress":false,"$type":"SendOptions"}
2026-08-05 18:00:11.040 +07:00 [VRB] Sending message TimeSyncAckMessage using options={"Encrypt":true,"Compress":false,"$type":"SendOptions"}
2026-08-05 18:00:16.051 +07:00 [VRB] Sending message TimeSyncAckMessage using options={"Encrypt":true,"Compress":false,"$type":"SendOptions"}
2026-08-05 18:00:18.725 +07:00 [VRB] Sending message ClubInfoAckMessage using options={"Encrypt":true,"Compress":false,"$type":"SendOptions"}
2026-08-05 18:00:18.733 +07:00 [VRB] Sending message ChannelPlayerListAckMessage using options={"Encrypt":true,"Compress":false,"$type":"SendOptions"}
2026-08-05 18:00:18.735 +07:00 [VRB] Sending message Chennel_PlayerNameTagList_AckMessage using options={"Encrypt":true,"Compress":false,"$type":"SendOptions"}
2026-08-05 18:00:18.736 +07:00 [VRB] Sending message NoteCountAckMessage using options={"Encrypt":true,"Compress":false,"$type":"SendOptions"}
2026-08-05 18:00:18.739 +07:00 [VRB] Sending message ChannelListInfoAckMessage using options={"Encrypt":true,"Compress":false,"$type":"SendOptions"}
2026-08-05 18:00:21.052 +07:00 [VRB] Sending message TimeSyncAckMessage using options={"Encrypt":true,"Compress":false,"$type":"SendOptions"}
2026-08-05 18:00:25.489 +07:00 [VRB] Sending message ReliablePongMessage using options={"Encrypt":false,"Compress":false,"$type":"SendOptions"}
2026-08-05 18:00:26.060 +07:00 [VRB] Sending message TimeSyncAckMessage using options={"Encrypt":true,"Compress":false,"$type":"SendOptions"}
2026-08-05 18:00:31.069 +07:00 [VRB] Sending message TimeSyncAckMessage using options={"Encrypt":true,"Compress":false,"$type":"SendOptions"}
2026-08-05 18:00:36.083 +07:00 [VRB] Sending message TimeSyncAckMessage using options={"Encrypt":true,"Compress":false,"$type":"SendOptions"}
2026-08-05 18:00:37.055 +07:00 [INF] Playerdata save completed.
2026-08-05 18:00:41.090 +07:00 [VRB] Sending message TimeSyncAckMessage using options={"Encrypt":true,"Compress":false,"$type":"SendOptions"}
2026-08-05 18:00:46.092 +07:00 [VRB] Sending message TimeSyncAckMessage using options={"Encrypt":true,"Compress":false,"$type":"SendOptions"}
2026-08-05 18:00:51.097 +07:00 [VRB] Sending message TimeSyncAckMessage using options={"Encrypt":true,"Compress":false,"$type":"SendOptions"}
2026-08-05 18:00:56.109 +07:00 [VRB] Sending message TimeSyncAckMessage using options={"Encrypt":true,"Compress":false,"$type":"SendOptions"}
2026-08-05 18:01:01.115 +07:00 [VRB] Sending message TimeSyncAckMessage using options={"Encrypt":true,"Compress":false,"$type":"SendOptions"}
2026-08-05 18:01:06.119 +07:00 [VRB] Sending message TimeSyncAckMessage using options={"Encrypt":true,"Compress":false,"$type":"SendOptions"}
2026-08-05 18:01:11.132 +07:00 [VRB] Sending message TimeSyncAckMessage using options={"Encrypt":true,"Compress":false,"$type":"SendOptions"}
2026-08-05 18:01:16.143 +07:00 [VRB] Sending message TimeSyncAckMessage using options={"Encrypt":true,"Compress":false,"$type":"SendOptions"}
2026-08-05 18:01:21.163 +07:00 [VRB] Sending message TimeSyncAckMessage using options={"Encrypt":true,"Compress":false,"$type":"SendOptions"}
2026-08-05 18:01:26.160 +07:00 [VRB] Sending message TimeSyncAckMessage using options={"Encrypt":true,"Compress":false,"$type":"SendOptions"}
2026-08-05 18:01:31.170 +07:00 [VRB] Sending message TimeSyncAckMessage using options={"Encrypt":true,"Compress":false,"$type":"SendOptions"}
2026-08-05 18:01:36.184 +07:00 [VRB] Sending message TimeSyncAckMessage using options={"Encrypt":true,"Compress":false,"$type":"SendOptions"}
2026-08-05 18:01:37.083 +07:00 [INF] Playerdata save completed.
2026-08-05 18:01:41.199 +07:00 [VRB] Sending message TimeSyncAckMessage using options={"Encrypt":true,"Compress":false,"$type":"SendOptions"}
2026-08-05 18:01:46.209 +07:00 [VRB] Sending message TimeSyncAckMessage using options={"Encrypt":true,"Compress":false,"$type":"SendOptions"}
2026-08-05 18:01:51.221 +07:00 [VRB] Sending message TimeSyncAckMessage using options={"Encrypt":true,"Compress":false,"$type":"SendOptions"}
2026-08-05 18:01:56.225 +07:00 [VRB] Sending message TimeSyncAckMessage using options={"Encrypt":true,"Compress":false,"$type":"SendOptions"}
2026-08-05 18:02:01.237 +07:00 [VRB] Sending message TimeSyncAckMessage using options={"Encrypt":true,"Compress":false,"$type":"SendOptions"}
2026-08-05 18:02:06.247 +07:00 [VRB] Sending message TimeSyncAckMessage using options={"Encrypt":true,"Compress":false,"$type":"SendOptions"}
2026-08-05 18:02:11.261 +07:00 [VRB] Sending message TimeSyncAckMessage using options={"Encrypt":true,"Compress":false,"$type":"SendOptions"}
2026-08-05 18:02:16.263 +07:00 [VRB] Sending message TimeSyncAckMessage using options={"Encrypt":true,"Compress":false,"$type":"SendOptions"}
2026-08-05 18:02:21.278 +07:00 [VRB] Sending message TimeSyncAckMessage using options={"Encrypt":true,"Compress":false,"$type":"SendOptions"}
2026-08-05 18:02:26.275 +07:00 [VRB] Sending message TimeSyncAckMessage using options={"Encrypt":true,"Compress":false,"$type":"SendOptions"}
2026-08-05 18:02:31.282 +07:00 [VRB] Sending message TimeSyncAckMessage using options={"Encrypt":true,"Compress":false,"$type":"SendOptions"}
2026-08-05 18:02:36.289 +07:00 [VRB] Sending message TimeSyncAckMessage using options={"Encrypt":true,"Compress":false,"$type":"SendOptions"}
2026-08-05 18:02:38.041 +07:00 [INF] Playerdata save completed.
2026-08-05 18:02:41.288 +07:00 [VRB] Sending message TimeSyncAckMessage using options={"Encrypt":true,"Compress":false,"$type":"SendOptions"}
2026-08-05 18:02:46.299 +07:00 [VRB] Sending message TimeSyncAckMessage using options={"Encrypt":true,"Compress":false,"$type":"SendOptions"}
2026-08-05 18:02:51.312 +07:00 [VRB] Sending message TimeSyncAckMessage using options={"Encrypt":true,"Compress":false,"$type":"SendOptions"}
2026-08-05 18:02:56.319 +07:00 [VRB] Sending message TimeSyncAckMessage using options={"Encrypt":true,"Compress":false,"$type":"SendOptions"}
2026-08-05 18:03:01.329 +07:00 [VRB] Sending message TimeSyncAckMessage using options={"Encrypt":true,"Compress":false,"$type":"SendOptions"}
2026-08-05 18:03:04.933 +07:00 [VRB] Sending message ReliablePongMessage using options={"Encrypt":false,"Compress":false,"$type":"SendOptions"}
2026-08-05 18:03:06.345 +07:00 [VRB] Sending message TimeSyncAckMessage using options={"Encrypt":true,"Compress":false,"$type":"SendOptions"}
2026-08-05 18:03:11.340 +07:00 [VRB] Sending message TimeSyncAckMessage using options={"Encrypt":true,"Compress":false,"$type":"SendOptions"}
2026-08-05 18:03:16.348 +07:00 [VRB] Sending message TimeSyncAckMessage using options={"Encrypt":true,"Compress":false,"$type":"SendOptions"}
2026-08-05 18:03:21.364 +07:00 [VRB] Sending message TimeSyncAckMessage using options={"Encrypt":true,"Compress":false,"$type":"SendOptions"}
2026-08-05 18:03:25.482 +07:00 [VRB] Sending message ReliablePongMessage using options={"Encrypt":false,"Compress":false,"$type":"SendOptions"}
2026-08-05 18:03:26.370 +07:00 [VRB] Sending message TimeSyncAckMessage using options={"Encrypt":true,"Compress":false,"$type":"SendOptions"}
2026-08-05 18:03:31.387 +07:00 [VRB] Sending message TimeSyncAckMessage using options={"Encrypt":true,"Compress":false,"$type":"SendOptions"}
2026-08-05 18:03:36.397 +07:00 [VRB] Sending message TimeSyncAckMessage using options={"Encrypt":true,"Compress":false,"$type":"SendOptions"}
2026-08-05 18:03:38.961 +07:00 [INF] Playerdata save completed.
2026-08-05 18:03:41.407 +07:00 [VRB] Sending message TimeSyncAckMessage using options={"Encrypt":true,"Compress":false,"$type":"SendOptions"}
2026-08-05 18:03:46.420 +07:00 [VRB] Sending message TimeSyncAckMessage using options={"Encrypt":true,"Compress":false,"$type":"SendOptions"}
2026-08-05 18:03:51.423 +07:00 [VRB] Sending message TimeSyncAckMessage using options={"Encrypt":true,"Compress":false,"$type":"SendOptions"}
2026-08-05 18:03:56.437 +07:00 [VRB] Sending message TimeSyncAckMessage using options={"Encrypt":true,"Compress":false,"$type":"SendOptions"}
2026-08-05 18:04:01.438 +07:00 [VRB] Sending message TimeSyncAckMessage using options={"Encrypt":true,"Compress":false,"$type":"SendOptions"}
2026-08-05 18:04:06.443 +07:00 [VRB] Sending message TimeSyncAckMessage using options={"Encrypt":true,"Compress":false,"$type":"SendOptions"}
2026-08-05 18:04:11.456 +07:00 [VRB] Sending message TimeSyncAckMessage using options={"Encrypt":true,"Compress":false,"$type":"SendOptions"}
2026-08-05 18:04:16.470 +07:00 [VRB] Sending message TimeSyncAckMessage using options={"Encrypt":true,"Compress":false,"$type":"SendOptions"}
2026-08-05 18:04:21.488 +07:00 [VRB] Sending message TimeSyncAckMessage using options={"Encrypt":true,"Compress":false,"$type":"SendOptions"}
2026-08-05 18:04:26.499 +07:00 [VRB] Sending message TimeSyncAckMessage using options={"Encrypt":true,"Compress":false,"$type":"SendOptions"}
2026-08-05 18:04:31.512 +07:00 [VRB] Sending message TimeSyncAckMessage using options={"Encrypt":true,"Compress":false,"$type":"SendOptions"}
2026-08-05 18:04:36.520 +07:00 [VRB] Sending message TimeSyncAckMessage using options={"Encrypt":true,"Compress":false,"$type":"SendOptions"}
2026-08-05 18:04:39.907 +07:00 [INF] Playerdata save completed.
2026-08-05 18:04:41.527 +07:00 [VRB] Sending message TimeSyncAckMessage using options={"Encrypt":true,"Compress":false,"$type":"SendOptions"}
2026-08-05 18:04:46.537 +07:00 [VRB] Sending message TimeSyncAckMessage using options={"Encrypt":true,"Compress":false,"$type":"SendOptions"}
2026-08-05 18:04:51.532 +07:00 [VRB] Sending message TimeSyncAckMessage using options={"Encrypt":true,"Compress":false,"$type":"SendOptions"}
2026-08-05 18:04:56.538 +07:00 [VRB] Sending message TimeSyncAckMessage using options={"Encrypt":true,"Compress":false,"$type":"SendOptions"}
2026-08-05 18:05:01.544 +07:00 [VRB] Sending message TimeSyncAckMessage using options={"Encrypt":true,"Compress":false,"$type":"SendOptions"}
2026-08-05 18:05:06.558 +07:00 [VRB] Sending message TimeSyncAckMessage using options={"Encrypt":true,"Compress":false,"$type":"SendOptions"}
2026-08-05 18:05:11.566 +07:00 [VRB] Sending message TimeSyncAckMessage using options={"Encrypt":true,"Compress":false,"$type":"SendOptions"}
2026-08-05 18:05:16.578 +07:00 [VRB] Sending message TimeSyncAckMessage using options={"Encrypt":true,"Compress":false,"$type":"SendOptions"}
2026-08-05 18:05:21.589 +07:00 [VRB] Sending message TimeSyncAckMessage using options={"Encrypt":true,"Compress":false,"$type":"SendOptions"}
2026-08-05 18:05:26.608 +07:00 [VRB] Sending message TimeSyncAckMessage using options={"Encrypt":true,"Compress":false,"$type":"SendOptions"}
2026-08-05 18:05:31.628 +07:00 [VRB] Sending message TimeSyncAckMessage using options={"Encrypt":true,"Compress":false,"$type":"SendOptions"}
2026-08-05 18:05:36.636 +07:00 [VRB] Sending message TimeSyncAckMessage using options={"Encrypt":true,"Compress":false,"$type":"SendOptions"}
2026-08-05 18:05:40.876 +07:00 [INF] Playerdata save completed.
2026-08-05 18:05:41.647 +07:00 [VRB] Sending message TimeSyncAckMessage using options={"Encrypt":true,"Compress":false,"$type":"SendOptions"}
2026-08-05 18:05:46.656 +07:00 [VRB] Sending message TimeSyncAckMessage using options={"Encrypt":true,"Compress":false,"$type":"SendOptions"}
2026-08-05 18:05:51.668 +07:00 [VRB] Sending message TimeSyncAckMessage using options={"Encrypt":true,"Compress":false,"$type":"SendOptions"}
2026-08-05 18:05:56.683 +07:00 [VRB] Sending message TimeSyncAckMessage using options={"Encrypt":true,"Compress":false,"$type":"SendOptions"}
2026-08-05 18:06:01.695 +07:00 [VRB] Sending message TimeSyncAckMessage using options={"Encrypt":true,"Compress":false,"$type":"SendOptions"}
2026-08-05 18:06:04.929 +07:00 [VRB] Sending message ReliablePongMessage using options={"Encrypt":false,"Compress":false,"$type":"SendOptions"}
2026-08-05 18:06:06.702 +07:00 [VRB] Sending message TimeSyncAckMessage using options={"Encrypt":true,"Compress":false,"$type":"SendOptions"}
2026-08-05 18:06:11.716 +07:00 [VRB] Sending message TimeSyncAckMessage using options={"Encrypt":true,"Compress":false,"$type":"SendOptions"}
2026-08-05 18:06:16.724 +07:00 [VRB] Sending message TimeSyncAckMessage using options={"Encrypt":true,"Compress":false,"$type":"SendOptions"}
2026-08-05 18:06:21.739 +07:00 [VRB] Sending message TimeSyncAckMessage using options={"Encrypt":true,"Compress":false,"$type":"SendOptions"}
2026-08-05 18:06:25.490 +07:00 [VRB] Sending message ReliablePongMessage using options={"Encrypt":false,"Compress":false,"$type":"SendOptions"}
2026-08-05 18:06:26.746 +07:00 [VRB] Sending message TimeSyncAckMessage using options={"Encrypt":true,"Compress":false,"$type":"SendOptions"}
2026-08-05 18:06:29.386 +07:00 [INF] Closing...
2026-08-05 18:06:29.387 +07:00 [VRB] Sending message ItemUseChangeNickAckMessage using options={"Encrypt":true,"Compress":false,"$type":"SendOptions"}
2026-08-05 18:06:29.388 +07:00 [VRB] Sending message ServerResultAckMessage using options={"Encrypt":true,"Compress":false,"$type":"SendOptions"}
2026-08-05 18:07:34.839 +07:00 [INF] ============================================
2026-08-05 18:07:34.856 +07:00 [INF] Initializing GameServer build
2026-08-05 18:07:34.857 +07:00 [INF] New IDS
2026-08-05 18:07:34.857 +07:00 [INF] Latest S4
2026-08-05 18:07:34.858 +07:00 [INF] ============================================
2026-08-05 18:07:34.858 +07:00 [INF] Initializing Database
2026-08-05 18:07:34.862 +07:00 [INF] Initializing...
2026-08-05 18:07:35.179 +07:00 [INF] Initializing...
2026-08-05 18:07:35.182 +07:00 [INF] Starting Server
2026-08-05 18:07:35.182 +07:00 [INF] ____________________________________________
2026-08-05 18:07:35.183 +07:00 [INF] ____________________________________________
2026-08-05 18:07:35.183 +07:00 [INF] ============================================
2026-08-05 18:07:35.183 +07:00 [INF] Starting Serverinstances and ResourceCache..
2026-08-05 18:07:35.430 +07:00 [INF] Caching: Channels
2026-08-05 18:07:35.430 +07:00 [INF] Caching...
2026-08-05 18:07:35.444 +07:00 [INF] Caching: Clubs
2026-08-05 18:07:35.445 +07:00 [INF] Caching...
2026-08-05 18:07:35.471 +07:00 [INF] Starting - tcp=127.0.0.1:28004 udp=null udp-port=null
2026-08-05 18:07:35.522 +07:00 [INF] Starting - tcp=127.0.0.1:28005 udp=127.0.0.1 udp-port=null
2026-08-05 18:07:35.524 +07:00 [INF] Starting - tcp=127.0.0.1:28003 udp=null udp-port=null
2026-08-05 18:07:35.526 +07:00 [INF] Caching: Effects
2026-08-05 18:07:35.527 +07:00 [INF] Caching...
2026-08-05 18:07:35.570 +07:00 [INF] Caching: Items
2026-08-05 18:07:35.571 +07:00 [INF] Caching...
2026-08-05 18:07:35.660 +07:00 [INF] Caching: DefaultItems
2026-08-05 18:07:35.661 +07:00 [INF] Caching...
2026-08-05 18:07:35.670 +07:00 [INF] Caching: Shop
2026-08-05 18:07:35.670 +07:00 [INF] Caching...
2026-08-05 18:07:35.757 +07:00 [INF] Caching: Experience
2026-08-05 18:07:35.758 +07:00 [INF] Caching...
2026-08-05 18:07:35.763 +07:00 [INF] Caching: Maps
2026-08-05 18:07:35.764 +07:00 [INF] Caching...
2026-08-05 18:07:35.775 +07:00 [INF] Caching: GameTempos
2026-08-05 18:07:35.776 +07:00 [INF] Caching...
2026-08-05 18:07:35.792 +07:00 [INF] Caching: Capsules
2026-08-05 18:07:35.793 +07:00 [INF] Caching...
2026-08-05 18:07:35.840 +07:00 [INF] Caching: RandomShop
2026-08-05 18:07:35.841 +07:00 [INF] Caching...
2026-08-05 18:07:35.850 +07:00 [INF] Caching: CardSystem
2026-08-05 18:07:35.850 +07:00 [INF] Caching...
2026-08-05 18:07:35.871 +07:00 [INF] Caching: ExperienceBonus
2026-08-05 18:07:35.872 +07:00 [INF] Caching...
2026-08-05 18:07:35.878 +07:00 [INF] Caching: PointBonus
2026-08-05 18:07:35.879 +07:00 [INF] Caching...
2026-08-05 18:07:35.888 +07:00 [INF] Caching: MasterExperience
2026-08-05 18:07:35.889 +07:00 [INF] Caching...
2026-08-05 18:07:35.895 +07:00 [INF] Caching: BurningTime
2026-08-05 18:07:35.895 +07:00 [INF] Caching...
2026-08-05 18:07:35.905 +07:00 [INF] Caching: BurningTimePve
2026-08-05 18:07:35.906 +07:00 [INF] Caching...
2026-08-05 18:07:35.907 +07:00 [INF] Caching: EquipLimit
2026-08-05 18:07:35.908 +07:00 [INF] Caching...
2026-08-05 18:07:35.915 +07:00 [INF] Caching: RoomOption
2026-08-05 18:07:35.916 +07:00 [INF] Caching...
2026-08-05 18:07:35.928 +07:00 [INF] Caching: EnchantData
2026-08-05 18:07:35.929 +07:00 [INF] Caching...
2026-08-05 18:07:35.942 +07:00 [INF] Caching: EnchantList
2026-08-05 18:07:35.943 +07:00 [INF] Caching...
2026-08-05 18:07:35.951 +07:00 [INF] Caching: EnchantExtractKey
2026-08-05 18:07:35.952 +07:00 [INF] Caching...
2026-08-05 18:07:35.958 +07:00 [INF] Caching: EsperEnchantPrice
2026-08-05 18:07:35.959 +07:00 [INF] Caching...
2026-08-05 18:07:35.964 +07:00 [INF] Caching: ItemGrade
2026-08-05 18:07:35.965 +07:00 [INF] Caching...
2026-08-05 18:07:35.970 +07:00 [INF] Caching: CombineElement
2026-08-05 18:07:35.970 +07:00 [INF] Caching...
2026-08-05 18:07:35.975 +07:00 [INF] Caching: DecompositionElement
2026-08-05 18:07:35.976 +07:00 [INF] Caching...
2026-08-05 18:07:35.981 +07:00 [INF] Caching: SeizeModeNewInfo
2026-08-05 18:07:35.981 +07:00 [INF] Caching...
2026-08-05 18:07:35.996 +07:00 [INF] Caching: StadiumInfo
2026-08-05 18:07:35.997 +07:00 [INF] Caching...
2026-08-05 18:07:36.008 +07:00 [INF] Caching: DecompositionInfo
2026-08-05 18:07:36.009 +07:00 [INF] Caching...
2026-08-05 18:07:36.024 +07:00 [INF] Caching: CombinationInfo
2026-08-05 18:07:36.025 +07:00 [INF] Caching...
2026-08-05 18:07:36.041 +07:00 [INF] Caching: MissionInfo
2026-08-05 18:07:36.042 +07:00 [INF] Caching...
2026-08-05 18:07:36.051 +07:00 [INF] Caching: ArcadeRewardInfo
2026-08-05 18:07:36.051 +07:00 [INF] Caching...
2026-08-05 18:07:36.058 +07:00 [INF] Caching: ArcadeItemInfo
2026-08-05 18:07:36.059 +07:00 [INF] Caching...
2026-08-05 18:07:36.063 +07:00 [INF] Caching: ChallengeArcadeInfo
2026-08-05 18:07:36.064 +07:00 [INF] Caching...
2026-08-05 18:07:36.073 +07:00 [INF] Caching: TaskListInfo
2026-08-05 18:07:36.074 +07:00 [INF] Caching...
2026-08-05 18:07:36.109 +07:00 [INF] Caching: PromotionInfo
2026-08-05 18:07:36.110 +07:00 [INF] Caching...
2026-08-05 18:07:36.168 +07:00 [INF] Caching: MakeCharacterInfo
2026-08-05 18:07:36.169 +07:00 [INF] Caching...
2026-08-05 18:07:36.199 +07:00 [INF] Caching: SupportItemInfo
2026-08-05 18:07:36.199 +07:00 [INF] Caching...
2026-08-05 18:07:36.206 +07:00 [INF] Starting Web Api
2026-08-05 18:07:36.207 +07:00 [INF] Serverinstances successfully started, ready for connections!
2026-08-05 18:07:36.208 +07:00 [INF] ____________________________________________________________
2026-08-05 18:07:36.223 +07:00 [INF] Connected to authserver
2026-08-05 18:08:19.474 +07:00 [DBG] New incoming client(1001) on [::ffff:127.0.0.1]:64170
2026-08-05 18:08:19.562 +07:00 [VRB] Handshake:NotifyCSEncryptedSessionKey
2026-08-05 18:08:19.575 +07:00 [VRB] Handshake:NotifyServerConnectionRequestData
2026-08-05 18:08:19.577 +07:00 [DBG] Adding new session 1001
2026-08-05 18:08:19.803 +07:00 [INF] GameServer login from 127.0.0.1:64170 : Country: UNK
2026-08-05 18:08:19.805 +07:00 [INF] Login success
2026-08-05 18:08:19.817 +07:00 [VRB] Sending message NewShopUpdateCheckAckMessage using options={"Encrypt":true,"Compress":false,"$type":"SendOptions"}
2026-08-05 18:08:19.838 +07:00 [VRB] Sending message RandomShopUpdateCheckAckMessage using options={"Encrypt":true,"Compress":false,"$type":"SendOptions"}
2026-08-05 18:08:19.842 +07:00 [INF] RandomShop: pools=3 items=29
2026-08-05 18:08:19.863 +07:00 [VRB] Sending message RandomShopUpdateInfoAckMessage using options={"Encrypt":true,"Compress":true,"$type":"SendOptions"}
2026-08-05 18:08:19.879 +07:00 [VRB] Sending message LoginReguestAckMessage using options={"Encrypt":true,"Compress":false,"$type":"SendOptions"}
2026-08-05 18:08:19.892 +07:00 [VRB] Sending message MoneyRefreshCashInfoAckMessage using options={"Encrypt":true,"Compress":false,"$type":"SendOptions"}
2026-08-05 18:08:19.894 +07:00 [VRB] Sending message CharacterCurrentSlotInfoAckMessage using options={"Encrypt":true,"Compress":false,"$type":"SendOptions"}
2026-08-05 18:08:19.896 +07:00 [VRB] Sending message MoenyRefreshCoinInfoAckMessage using options={"Encrypt":true,"Compress":false,"$type":"SendOptions"}
2026-08-05 18:08:19.898 +07:00 [VRB] Sending message ShoppingBasketListInfoAckMessage using options={"Encrypt":true,"Compress":false,"$type":"SendOptions"}
2026-08-05 18:08:19.901 +07:00 [VRB] Sending message ItemInventoryInfoAckMessage using options={"Encrypt":true,"Compress":false,"$type":"SendOptions"}
2026-08-05 18:08:19.909 +07:00 [VRB] Sending message PlayeArcadeMapInfoAckMessage using options={"Encrypt":true,"Compress":false,"$type":"SendOptions"}
2026-08-05 18:08:19.910 +07:00 [VRB] Sending message PlayerArcadeStageInfoAckMessage using options={"Encrypt":true,"Compress":false,"$type":"SendOptions"}
2026-08-05 18:08:19.913 +07:00 [VRB] Sending message ClubMyInfoAckMessage using options={"Encrypt":true,"Compress":false,"$type":"SendOptions"}
2026-08-05 18:08:19.915 +07:00 [VRB] Sending message CharacterCurrentInfoAckMessage using options={"Encrypt":true,"Compress":false,"$type":"SendOptions"}
2026-08-05 18:08:19.924 +07:00 [VRB] Sending message CharacterCurrentItemInfoAckMessage using options={"Encrypt":true,"Compress":false,"$type":"SendOptions"}
2026-08-05 18:08:19.925 +07:00 [VRB] Sending message ItemEquipBoostItemInfoAckMessage using options={"Encrypt":true,"Compress":false,"$type":"SendOptions"}
2026-08-05 18:08:19.928 +07:00 [VRB] Sending message EspherChipLv5Message using options={"Encrypt":true,"Compress":false,"$type":"SendOptions"}
2026-08-05 18:08:19.929 +07:00 [VRB] Sending message ItemClearInvalidEquipItemAckMessage using options={"Encrypt":true,"Compress":false,"$type":"SendOptions"}
2026-08-05 18:08:19.931 +07:00 [VRB] Sending message ItemClearEsperChipAckMessage using options={"Encrypt":true,"Compress":false,"$type":"SendOptions"}
2026-08-05 18:08:19.933 +07:00 [VRB] Sending message MapOpenInfosMessage using options={"Encrypt":true,"Compress":false,"$type":"SendOptions"}
2026-08-05 18:08:19.940 +07:00 [VRB] Sending message PlayerAccountInfoAckMessage using options={"Encrypt":true,"Compress":false,"$type":"SendOptions"}
2026-08-05 18:08:19.969 +07:00 [VRB] Sending message ServerResultAckMessage using options={"Encrypt":true,"Compress":false,"$type":"SendOptions"}
2026-08-05 18:08:19.995 +07:00 [VRB] Sending message AdminShowWindowAckMessage using options={"Encrypt":true,"Compress":false,"$type":"SendOptions"}
2026-08-05 18:08:20.000 +07:00 [VRB] Sending message ItemUseItemAckMessage using options={"Encrypt":true,"Compress":false,"$type":"SendOptions"}
2026-08-05 18:08:21.737 +07:00 [DBG] New incoming client(1001) on [::ffff:127.0.0.1]:64173
2026-08-05 18:08:21.754 +07:00 [VRB] Handshake:NotifyCSEncryptedSessionKey
2026-08-05 18:08:21.765 +07:00 [VRB] Handshake:NotifyServerConnectionRequestData
2026-08-05 18:08:21.766 +07:00 [DBG] Adding new session 1001
2026-08-05 18:08:21.783 +07:00 [INF] ChatServer login from 127.0.0.1:64173
2026-08-05 18:08:21.784 +07:00 [INF] Login success
2026-08-05 18:08:21.784 +07:00 [VRB] Sending message LoginAckMessage using options={"Encrypt":true,"Compress":false,"$type":"SendOptions"}
2026-08-05 18:08:21.788 +07:00 [VRB] Sending message DenyListAckMessage using options={"Encrypt":true,"Compress":false,"$type":"SendOptions"}
2026-08-05 18:08:21.797 +07:00 [VRB] Sending message FriendListAckMessage using options={"Encrypt":true,"Compress":false,"$type":"SendOptions"}
2026-08-05 18:08:21.801 +07:00 [VRB] Sending message ChatPlayerInfoListAckMessage using options={"Encrypt":true,"Compress":false,"$type":"SendOptions"}
2026-08-05 18:08:21.808 +07:00 [VRB] Sending message ChatPlayerInfoAckMessage using options={"Encrypt":true,"Compress":false,"$type":"SendOptions"}
2026-08-05 18:08:26.937 +07:00 [VRB] Sending message TimeSyncAckMessage using options={"Encrypt":true,"Compress":false,"$type":"SendOptions"}
2026-08-05 18:08:27.011 +07:00 [VRB] Sending message ClubInfoAckMessage using options={"Encrypt":true,"Compress":false,"$type":"SendOptions"}
2026-08-05 18:08:27.027 +07:00 [VRB] Sending message ChannelPlayerListAckMessage using options={"Encrypt":true,"Compress":false,"$type":"SendOptions"}
2026-08-05 18:08:27.028 +07:00 [VRB] Sending message Chennel_PlayerNameTagList_AckMessage using options={"Encrypt":true,"Compress":false,"$type":"SendOptions"}
2026-08-05 18:08:27.030 +07:00 [VRB] Sending message NoteCountAckMessage using options={"Encrypt":true,"Compress":false,"$type":"SendOptions"}
2026-08-05 18:08:27.032 +07:00 [VRB] Sending message ChannelListInfoAckMessage using options={"Encrypt":true,"Compress":false,"$type":"SendOptions"}
2026-08-05 18:08:31.946 +07:00 [VRB] Sending message TimeSyncAckMessage using options={"Encrypt":true,"Compress":false,"$type":"SendOptions"}
2026-08-05 18:08:35.517 +07:00 [VRB] Sending message ShutdownTcpAckMessage using options={"Encrypt":false,"Compress":false,"$type":"SendOptions"}
2026-08-05 18:08:35.525 +07:00 [VRB] Closing
2026-08-05 18:08:35.529 +07:00 [DBG] Client(1001) disconnected
2026-08-05 18:08:35.530 +07:00 [DBG] Removing session 1001
2026-08-05 18:08:35.563 +07:00 [INF] Client 127.0.0.1:64170 disconnected
2026-08-05 18:08:35.564 +07:00 [VRB] Closing
2026-08-05 18:08:35.565 +07:00 [DBG] Client(1001) disconnected
2026-08-05 18:08:35.566 +07:00 [DBG] Removing session 1001
2026-08-05 18:16:24.352 +07:00 [DBG] New incoming client(1001) on [::ffff:127.0.0.1]:52732
2026-08-05 18:16:24.357 +07:00 [VRB] Handshake:NotifyCSEncryptedSessionKey
2026-08-05 18:16:24.368 +07:00 [VRB] Handshake:NotifyServerConnectionRequestData
2026-08-05 18:16:24.369 +07:00 [DBG] Adding new session 1001
2026-08-05 18:16:24.492 +07:00 [INF] GameServer login from 127.0.0.1:52732 : Country: UNK
2026-08-05 18:16:24.493 +07:00 [INF] Login success
2026-08-05 18:16:24.494 +07:00 [VRB] Sending message NewShopUpdateCheckAckMessage using options={"Encrypt":true,"Compress":false,"$type":"SendOptions"}
2026-08-05 18:16:24.495 +07:00 [VRB] Sending message RandomShopUpdateCheckAckMessage using options={"Encrypt":true,"Compress":false,"$type":"SendOptions"}
2026-08-05 18:16:24.496 +07:00 [INF] RandomShop: pools=3 items=29
2026-08-05 18:16:24.496 +07:00 [VRB] Sending message RandomShopUpdateInfoAckMessage using options={"Encrypt":true,"Compress":true,"$type":"SendOptions"}
2026-08-05 18:16:24.507 +07:00 [VRB] Sending message LoginReguestAckMessage using options={"Encrypt":true,"Compress":false,"$type":"SendOptions"}
2026-08-05 18:16:24.511 +07:00 [VRB] Sending message MoneyRefreshCashInfoAckMessage using options={"Encrypt":true,"Compress":false,"$type":"SendOptions"}
2026-08-05 18:16:24.512 +07:00 [VRB] Sending message CharacterCurrentSlotInfoAckMessage using options={"Encrypt":true,"Compress":false,"$type":"SendOptions"}
2026-08-05 18:16:24.513 +07:00 [VRB] Sending message MoenyRefreshCoinInfoAckMessage using options={"Encrypt":true,"Compress":false,"$type":"SendOptions"}
2026-08-05 18:16:24.514 +07:00 [VRB] Sending message ShoppingBasketListInfoAckMessage using options={"Encrypt":true,"Compress":false,"$type":"SendOptions"}
2026-08-05 18:16:24.515 +07:00 [VRB] Sending message ItemInventoryInfoAckMessage using options={"Encrypt":true,"Compress":false,"$type":"SendOptions"}
2026-08-05 18:16:24.516 +07:00 [VRB] Sending message PlayeArcadeMapInfoAckMessage using options={"Encrypt":true,"Compress":false,"$type":"SendOptions"}
2026-08-05 18:16:24.517 +07:00 [VRB] Sending message PlayerArcadeStageInfoAckMessage using options={"Encrypt":true,"Compress":false,"$type":"SendOptions"}
2026-08-05 18:16:24.518 +07:00 [VRB] Sending message ClubMyInfoAckMessage using options={"Encrypt":true,"Compress":false,"$type":"SendOptions"}
2026-08-05 18:16:24.519 +07:00 [VRB] Sending message CharacterCurrentInfoAckMessage using options={"Encrypt":true,"Compress":false,"$type":"SendOptions"}
2026-08-05 18:16:24.520 +07:00 [VRB] Sending message CharacterCurrentItemInfoAckMessage using options={"Encrypt":true,"Compress":false,"$type":"SendOptions"}
2026-08-05 18:16:24.521 +07:00 [VRB] Sending message ItemEquipBoostItemInfoAckMessage using options={"Encrypt":true,"Compress":false,"$type":"SendOptions"}
2026-08-05 18:16:24.522 +07:00 [VRB] Sending message EspherChipLv5Message using options={"Encrypt":true,"Compress":false,"$type":"SendOptions"}
2026-08-05 18:16:24.523 +07:00 [VRB] Sending message ItemClearInvalidEquipItemAckMessage using options={"Encrypt":true,"Compress":false,"$type":"SendOptions"}
2026-08-05 18:16:24.524 +07:00 [VRB] Sending message ItemClearEsperChipAckMessage using options={"Encrypt":true,"Compress":false,"$type":"SendOptions"}
2026-08-05 18:16:24.525 +07:00 [VRB] Sending message MapOpenInfosMessage using options={"Encrypt":true,"Compress":false,"$type":"SendOptions"}
2026-08-05 18:16:24.526 +07:00 [VRB] Sending message PlayerAccountInfoAckMessage using options={"Encrypt":true,"Compress":false,"$type":"SendOptions"}
2026-08-05 18:16:24.527 +07:00 [VRB] Sending message ServerResultAckMessage using options={"Encrypt":true,"Compress":false,"$type":"SendOptions"}
2026-08-05 18:16:24.531 +07:00 [VRB] Sending message AdminShowWindowAckMessage using options={"Encrypt":true,"Compress":false,"$type":"SendOptions"}
2026-08-05 18:16:24.532 +07:00 [VRB] Sending message ItemUseItemAckMessage using options={"Encrypt":true,"Compress":false,"$type":"SendOptions"}
2026-08-05 18:16:26.346 +07:00 [DBG] New incoming client(1001) on [::ffff:127.0.0.1]:52737
2026-08-05 18:16:26.353 +07:00 [VRB] Handshake:NotifyCSEncryptedSessionKey
2026-08-05 18:16:26.375 +07:00 [VRB] Handshake:NotifyServerConnectionRequestData
2026-08-05 18:16:26.376 +07:00 [DBG] Adding new session 1001
2026-08-05 18:16:26.397 +07:00 [INF] ChatServer login from 127.0.0.1:52737
2026-08-05 18:16:26.397 +07:00 [INF] Login success
2026-08-05 18:16:26.398 +07:00 [VRB] Sending message LoginAckMessage using options={"Encrypt":true,"Compress":false,"$type":"SendOptions"}
2026-08-05 18:16:26.399 +07:00 [VRB] Sending message DenyListAckMessage using options={"Encrypt":true,"Compress":false,"$type":"SendOptions"}
2026-08-05 18:16:26.400 +07:00 [VRB] Sending message FriendListAckMessage using options={"Encrypt":true,"Compress":false,"$type":"SendOptions"}
2026-08-05 18:16:26.402 +07:00 [VRB] Sending message ChatPlayerInfoListAckMessage using options={"Encrypt":true,"Compress":false,"$type":"SendOptions"}
2026-08-05 18:16:26.403 +07:00 [VRB] Sending message ChatPlayerInfoAckMessage using options={"Encrypt":true,"Compress":false,"$type":"SendOptions"}
2026-08-05 18:16:31.439 +07:00 [VRB] Sending message TimeSyncAckMessage using options={"Encrypt":true,"Compress":false,"$type":"SendOptions"}
2026-08-05 18:16:31.516 +07:00 [VRB] Sending message ClubInfoAckMessage using options={"Encrypt":true,"Compress":false,"$type":"SendOptions"}
2026-08-05 18:16:31.518 +07:00 [VRB] Sending message ChannelPlayerListAckMessage using options={"Encrypt":true,"Compress":false,"$type":"SendOptions"}
2026-08-05 18:16:31.519 +07:00 [VRB] Sending message Chennel_PlayerNameTagList_AckMessage using options={"Encrypt":true,"Compress":false,"$type":"SendOptions"}
2026-08-05 18:16:31.520 +07:00 [VRB] Sending message NoteCountAckMessage using options={"Encrypt":true,"Compress":false,"$type":"SendOptions"}
2026-08-05 18:16:31.521 +07:00 [VRB] Sending message ChannelListInfoAckMessage using options={"Encrypt":true,"Compress":false,"$type":"SendOptions"}
2026-08-05 18:16:36.456 +07:00 [VRB] Sending message TimeSyncAckMessage using options={"Encrypt":true,"Compress":false,"$type":"SendOptions"}
2026-08-05 18:16:37.359 +07:00 [INF] Playerdata save completed.
2026-08-05 18:16:37.645 +07:00 [VRB] Sending message ChannelListInfoAckMessage using options={"Encrypt":true,"Compress":false,"$type":"SendOptions"}
2026-08-05 18:16:41.461 +07:00 [VRB] Sending message TimeSyncAckMessage using options={"Encrypt":true,"Compress":false,"$type":"SendOptions"}
2026-08-05 18:16:46.479 +07:00 [VRB] Sending message TimeSyncAckMessage using options={"Encrypt":true,"Compress":false,"$type":"SendOptions"}
2026-08-05 18:16:51.484 +07:00 [VRB] Sending message TimeSyncAckMessage using options={"Encrypt":true,"Compress":false,"$type":"SendOptions"}
2026-08-05 18:16:56.486 +07:00 [VRB] Sending message TimeSyncAckMessage using options={"Encrypt":true,"Compress":false,"$type":"SendOptions"}
2026-08-05 18:17:01.495 +07:00 [VRB] Sending message TimeSyncAckMessage using options={"Encrypt":true,"Compress":false,"$type":"SendOptions"}
2026-08-05 18:17:06.503 +07:00 [VRB] Sending message TimeSyncAckMessage using options={"Encrypt":true,"Compress":false,"$type":"SendOptions"}
2026-08-05 18:17:11.514 +07:00 [VRB] Sending message TimeSyncAckMessage using options={"Encrypt":true,"Compress":false,"$type":"SendOptions"}
2026-08-05 18:17:16.529 +07:00 [VRB] Sending message TimeSyncAckMessage using options={"Encrypt":true,"Compress":false,"$type":"SendOptions"}
2026-08-05 18:17:18.375 +07:00 [VRB] Sending message ReliablePongMessage using options={"Encrypt":false,"Compress":false,"$type":"SendOptions"}
2026-08-05 18:17:20.381 +07:00 [VRB] Sending message ReliablePongMessage using options={"Encrypt":false,"Compress":false,"$type":"SendOptions"}
2026-08-05 18:17:21.533 +07:00 [VRB] Sending message TimeSyncAckMessage using options={"Encrypt":true,"Compress":false,"$type":"SendOptions"}
2026-08-05 18:17:26.544 +07:00 [VRB] Sending message TimeSyncAckMessage using options={"Encrypt":true,"Compress":false,"$type":"SendOptions"}
2026-08-05 18:17:31.560 +07:00 [VRB] Sending message TimeSyncAckMessage using options={"Encrypt":true,"Compress":false,"$type":"SendOptions"}
2026-08-05 18:17:36.561 +07:00 [VRB] Sending message TimeSyncAckMessage using options={"Encrypt":true,"Compress":false,"$type":"SendOptions"}
2026-08-05 18:17:37.429 +07:00 [INF] Playerdata save completed.
2026-08-05 18:17:41.575 +07:00 [VRB] Sending message TimeSyncAckMessage using options={"Encrypt":true,"Compress":false,"$type":"SendOptions"}
2026-08-05 18:17:46.582 +07:00 [VRB] Sending message TimeSyncAckMessage using options={"Encrypt":true,"Compress":false,"$type":"SendOptions"}
2026-08-05 18:17:47.880 +07:00 [VRB] Sending message ShutdownTcpAckMessage using options={"Encrypt":false,"Compress":false,"$type":"SendOptions"}
2026-08-05 18:17:47.891 +07:00 [VRB] Closing
2026-08-05 18:17:47.891 +07:00 [DBG] Client(1001) disconnected
2026-08-05 18:17:47.892 +07:00 [DBG] Removing session 1001
2026-08-05 18:17:47.897 +07:00 [INF] Client 127.0.0.1:52732 disconnected
2026-08-05 18:17:47.898 +07:00 [VRB] Closing
2026-08-05 18:17:47.898 +07:00 [DBG] Client(1001) disconnected
2026-08-05 18:17:47.899 +07:00 [DBG] Removing session 1001
2026-08-05 18:18:20.703 +07:00 [DBG] New incoming client(1001) on [::ffff:127.0.0.1]:52753
2026-08-05 18:18:20.709 +07:00 [VRB] Handshake:NotifyCSEncryptedSessionKey
2026-08-05 18:18:20.719 +07:00 [VRB] Handshake:NotifyServerConnectionRequestData
2026-08-05 18:18:20.720 +07:00 [DBG] Adding new session 1001
2026-08-05 18:18:20.821 +07:00 [INF] GameServer login from 127.0.0.1:52753 : Country: UNK
2026-08-05 18:18:20.822 +07:00 [INF] Login success
2026-08-05 18:18:20.822 +07:00 [VRB] Sending message RandomShopUpdateCheckAckMessage using options={"Encrypt":true,"Compress":false,"$type":"SendOptions"}
2026-08-05 18:18:20.823 +07:00 [INF] RandomShop: pools=3 items=29
2026-08-05 18:18:20.824 +07:00 [VRB] Sending message RandomShopUpdateInfoAckMessage using options={"Encrypt":true,"Compress":true,"$type":"SendOptions"}
2026-08-05 18:18:20.831 +07:00 [VRB] Sending message NewShopUpdateCheckAckMessage using options={"Encrypt":true,"Compress":false,"$type":"SendOptions"}
2026-08-05 18:18:20.833 +07:00 [VRB] Sending message NewShopUpdataInfoAckMessage using options={"Encrypt":true,"Compress":true,"$type":"SendOptions"}
2026-08-05 18:18:20.838 +07:00 [VRB] Sending message NewShopUpdataInfoAckMessage using options={"Encrypt":true,"Compress":true,"$type":"SendOptions"}
2026-08-05 18:18:20.840 +07:00 [VRB] Sending message NewShopUpdataInfoAckMessage using options={"Encrypt":true,"Compress":true,"$type":"SendOptions"}
2026-08-05 18:18:20.856 +07:00 [VRB] Sending message NewShopUpdataInfoAckMessage using options={"Encrypt":true,"Compress":true,"$type":"SendOptions"}
2026-08-05 18:18:20.857 +07:00 [VRB] Sending message LoginReguestAckMessage using options={"Encrypt":true,"Compress":false,"$type":"SendOptions"}
2026-08-05 18:18:20.860 +07:00 [VRB] Sending message MoneyRefreshCashInfoAckMessage using options={"Encrypt":true,"Compress":false,"$type":"SendOptions"}
2026-08-05 18:18:20.861 +07:00 [VRB] Sending message CharacterCurrentSlotInfoAckMessage using options={"Encrypt":true,"Compress":false,"$type":"SendOptions"}
2026-08-05 18:18:20.862 +07:00 [VRB] Sending message MoenyRefreshCoinInfoAckMessage using options={"Encrypt":true,"Compress":false,"$type":"SendOptions"}
2026-08-05 18:18:20.863 +07:00 [VRB] Sending message ShoppingBasketListInfoAckMessage using options={"Encrypt":true,"Compress":false,"$type":"SendOptions"}
2026-08-05 18:18:20.864 +07:00 [VRB] Sending message ItemInventoryInfoAckMessage using options={"Encrypt":true,"Compress":false,"$type":"SendOptions"}
2026-08-05 18:18:20.865 +07:00 [VRB] Sending message PlayeArcadeMapInfoAckMessage using options={"Encrypt":true,"Compress":false,"$type":"SendOptions"}
2026-08-05 18:18:20.866 +07:00 [VRB] Sending message PlayerArcadeStageInfoAckMessage using options={"Encrypt":true,"Compress":false,"$type":"SendOptions"}
2026-08-05 18:18:20.867 +07:00 [VRB] Sending message ClubMyInfoAckMessage using options={"Encrypt":true,"Compress":false,"$type":"SendOptions"}
2026-08-05 18:18:20.868 +07:00 [VRB] Sending message CharacterCurrentInfoAckMessage using options={"Encrypt":true,"Compress":false,"$type":"SendOptions"}
2026-08-05 18:18:20.869 +07:00 [VRB] Sending message CharacterCurrentItemInfoAckMessage using options={"Encrypt":true,"Compress":false,"$type":"SendOptions"}
2026-08-05 18:18:20.870 +07:00 [VRB] Sending message ItemEquipBoostItemInfoAckMessage using options={"Encrypt":true,"Compress":false,"$type":"SendOptions"}
2026-08-05 18:18:20.871 +07:00 [VRB] Sending message EspherChipLv5Message using options={"Encrypt":true,"Compress":false,"$type":"SendOptions"}
2026-08-05 18:18:20.871 +07:00 [VRB] Sending message ItemClearInvalidEquipItemAckMessage using options={"Encrypt":true,"Compress":false,"$type":"SendOptions"}
2026-08-05 18:18:20.872 +07:00 [VRB] Sending message ItemClearEsperChipAckMessage using options={"Encrypt":true,"Compress":false,"$type":"SendOptions"}
2026-08-05 18:18:20.873 +07:00 [VRB] Sending message MapOpenInfosMessage using options={"Encrypt":true,"Compress":false,"$type":"SendOptions"}
2026-08-05 18:18:20.874 +07:00 [VRB] Sending message PlayerAccountInfoAckMessage using options={"Encrypt":true,"Compress":false,"$type":"SendOptions"}
2026-08-05 18:18:20.876 +07:00 [VRB] Sending message ServerResultAckMessage using options={"Encrypt":true,"Compress":false,"$type":"SendOptions"}
2026-08-05 18:18:22.271 +07:00 [VRB] Sending message AdminShowWindowAckMessage using options={"Encrypt":true,"Compress":false,"$type":"SendOptions"}
2026-08-05 18:18:22.273 +07:00 [VRB] Sending message ItemUseItemAckMessage using options={"Encrypt":true,"Compress":false,"$type":"SendOptions"}
2026-08-05 18:18:22.907 +07:00 [DBG] New incoming client(1001) on [::ffff:127.0.0.1]:52755
2026-08-05 18:18:22.914 +07:00 [VRB] Handshake:NotifyCSEncryptedSessionKey
2026-08-05 18:18:22.925 +07:00 [VRB] Handshake:NotifyServerConnectionRequestData
2026-08-05 18:18:22.926 +07:00 [DBG] Adding new session 1001
2026-08-05 18:18:22.948 +07:00 [INF] ChatServer login from 127.0.0.1:52755
2026-08-05 18:18:22.949 +07:00 [INF] Login success
2026-08-05 18:18:22.950 +07:00 [VRB] Sending message LoginAckMessage using options={"Encrypt":true,"Compress":false,"$type":"SendOptions"}
2026-08-05 18:18:22.950 +07:00 [VRB] Sending message DenyListAckMessage using options={"Encrypt":true,"Compress":false,"$type":"SendOptions"}
2026-08-05 18:18:22.951 +07:00 [VRB] Sending message FriendListAckMessage using options={"Encrypt":true,"Compress":false,"$type":"SendOptions"}
2026-08-05 18:18:22.953 +07:00 [VRB] Sending message ChatPlayerInfoListAckMessage using options={"Encrypt":true,"Compress":false,"$type":"SendOptions"}
2026-08-05 18:18:22.954 +07:00 [VRB] Sending message ChatPlayerInfoAckMessage using options={"Encrypt":true,"Compress":false,"$type":"SendOptions"}
2026-08-05 18:18:27.999 +07:00 [VRB] Sending message TimeSyncAckMessage using options={"Encrypt":true,"Compress":false,"$type":"SendOptions"}
2026-08-05 18:18:28.063 +07:00 [VRB] Sending message ClubInfoAckMessage using options={"Encrypt":true,"Compress":false,"$type":"SendOptions"}
2026-08-05 18:18:28.074 +07:00 [VRB] Sending message ChannelPlayerListAckMessage using options={"Encrypt":true,"Compress":false,"$type":"SendOptions"}
2026-08-05 18:18:28.076 +07:00 [VRB] Sending message Chennel_PlayerNameTagList_AckMessage using options={"Encrypt":true,"Compress":false,"$type":"SendOptions"}
2026-08-05 18:18:28.077 +07:00 [VRB] Sending message NoteCountAckMessage using options={"Encrypt":true,"Compress":false,"$type":"SendOptions"}
2026-08-05 18:18:28.078 +07:00 [VRB] Sending message ChannelListInfoAckMessage using options={"Encrypt":true,"Compress":false,"$type":"SendOptions"}
2026-08-05 18:18:32.998 +07:00 [VRB] Sending message TimeSyncAckMessage using options={"Encrypt":true,"Compress":false,"$type":"SendOptions"}
2026-08-05 18:18:33.285 +07:00 [VRB] Sending message ShutdownTcpAckMessage using options={"Encrypt":false,"Compress":false,"$type":"SendOptions"}
2026-08-05 18:18:33.296 +07:00 [VRB] Closing
2026-08-05 18:18:33.296 +07:00 [DBG] Client(1001) disconnected
2026-08-05 18:18:33.297 +07:00 [DBG] Removing session 1001
2026-08-05 18:18:33.301 +07:00 [INF] Client 127.0.0.1:52753 disconnected
2026-08-05 18:18:33.302 +07:00 [VRB] Closing
2026-08-05 18:18:33.302 +07:00 [DBG] Client(1001) disconnected
2026-08-05 18:18:33.303 +07:00 [DBG] Removing session 1001
2026-08-05 18:36:01.433 +07:00 [INF] Closing...
2026-08-05 18:50:11.155 +07:00 [INF] ============================================
2026-08-05 18:50:11.172 +07:00 [INF] Initializing GameServer build
2026-08-05 18:50:11.172 +07:00 [INF] New IDS
2026-08-05 18:50:11.173 +07:00 [INF] Latest S4
2026-08-05 18:50:11.173 +07:00 [INF] ============================================
2026-08-05 18:50:11.174 +07:00 [INF] Initializing Database
2026-08-05 18:50:11.178 +07:00 [INF] Initializing...
2026-08-05 18:50:11.494 +07:00 [INF] Initializing...
2026-08-05 18:50:11.497 +07:00 [INF] Starting Server
2026-08-05 18:50:11.497 +07:00 [INF] ____________________________________________
2026-08-05 18:50:11.498 +07:00 [INF] ____________________________________________
2026-08-05 18:50:11.498 +07:00 [INF] ============================================
2026-08-05 18:50:11.499 +07:00 [INF] Starting Serverinstances and ResourceCache..
2026-08-05 18:50:11.745 +07:00 [INF] Caching: Channels
2026-08-05 18:50:11.746 +07:00 [INF] Caching...
2026-08-05 18:50:11.760 +07:00 [INF] Caching: Clubs
2026-08-05 18:50:11.761 +07:00 [INF] Caching...
2026-08-05 18:50:11.786 +07:00 [INF] Starting - tcp=127.0.0.1:28004 udp=null udp-port=null
2026-08-05 18:50:11.835 +07:00 [INF] Starting - tcp=127.0.0.1:28005 udp=127.0.0.1 udp-port=null
2026-08-05 18:50:11.837 +07:00 [INF] Starting - tcp=127.0.0.1:28003 udp=null udp-port=null
2026-08-05 18:50:11.839 +07:00 [INF] Caching: Effects
2026-08-05 18:50:11.839 +07:00 [INF] Caching...
2026-08-05 18:50:11.880 +07:00 [INF] Caching: Items
2026-08-05 18:50:11.881 +07:00 [INF] Caching...
2026-08-05 18:50:11.971 +07:00 [INF] Caching: DefaultItems
2026-08-05 18:50:11.972 +07:00 [INF] Caching...
2026-08-05 18:50:11.979 +07:00 [INF] Caching: Shop
2026-08-05 18:50:11.980 +07:00 [INF] Caching...
2026-08-05 18:50:12.061 +07:00 [INF] Caching: Experience
2026-08-05 18:50:12.062 +07:00 [INF] Caching...
2026-08-05 18:50:12.068 +07:00 [INF] Caching: Maps
2026-08-05 18:50:12.069 +07:00 [INF] Caching...
2026-08-05 18:50:12.081 +07:00 [INF] Caching: GameTempos
2026-08-05 18:50:12.082 +07:00 [INF] Caching...
2026-08-05 18:50:12.098 +07:00 [INF] Caching: Capsules
2026-08-05 18:50:12.099 +07:00 [INF] Caching...
2026-08-05 18:50:12.145 +07:00 [INF] Caching: RandomShop
2026-08-05 18:50:12.146 +07:00 [INF] Caching...
2026-08-05 18:50:12.155 +07:00 [INF] Caching: CardSystem
2026-08-05 18:50:12.155 +07:00 [INF] Caching...
2026-08-05 18:50:12.178 +07:00 [INF] Caching: ExperienceBonus
2026-08-05 18:50:12.178 +07:00 [INF] Caching...
2026-08-05 18:50:12.184 +07:00 [INF] Caching: PointBonus
2026-08-05 18:50:12.185 +07:00 [INF] Caching...
2026-08-05 18:50:12.194 +07:00 [INF] Caching: MasterExperience
2026-08-05 18:50:12.195 +07:00 [INF] Caching...
2026-08-05 18:50:12.200 +07:00 [INF] Caching: BurningTime
2026-08-05 18:50:12.201 +07:00 [INF] Caching...
2026-08-05 18:50:12.211 +07:00 [INF] Caching: BurningTimePve
2026-08-05 18:50:12.211 +07:00 [INF] Caching...
2026-08-05 18:50:12.212 +07:00 [INF] Caching: EquipLimit
2026-08-05 18:50:12.213 +07:00 [INF] Caching...
2026-08-05 18:50:12.220 +07:00 [INF] Caching: RoomOption
2026-08-05 18:50:12.221 +07:00 [INF] Caching...
2026-08-05 18:50:12.233 +07:00 [INF] Caching: EnchantData
2026-08-05 18:50:12.234 +07:00 [INF] Caching...
2026-08-05 18:50:12.246 +07:00 [INF] Caching: EnchantList
2026-08-05 18:50:12.246 +07:00 [INF] Caching...
2026-08-05 18:50:12.254 +07:00 [INF] Caching: EnchantExtractKey
2026-08-05 18:50:12.255 +07:00 [INF] Caching...
2026-08-05 18:50:12.261 +07:00 [INF] Caching: EsperEnchantPrice
2026-08-05 18:50:12.261 +07:00 [INF] Caching...
2026-08-05 18:50:12.267 +07:00 [INF] Caching: ItemGrade
2026-08-05 18:50:12.267 +07:00 [INF] Caching...
2026-08-05 18:50:12.272 +07:00 [INF] Caching: CombineElement
2026-08-05 18:50:12.273 +07:00 [INF] Caching...
2026-08-05 18:50:12.277 +07:00 [INF] Caching: DecompositionElement
2026-08-05 18:50:12.277 +07:00 [INF] Caching...
2026-08-05 18:50:12.282 +07:00 [INF] Caching: SeizeModeNewInfo
2026-08-05 18:50:12.283 +07:00 [INF] Caching...
2026-08-05 18:50:12.297 +07:00 [INF] Caching: StadiumInfo
2026-08-05 18:50:12.297 +07:00 [INF] Caching...
2026-08-05 18:50:12.308 +07:00 [INF] Caching: DecompositionInfo
2026-08-05 18:50:12.309 +07:00 [INF] Caching...
2026-08-05 18:50:12.323 +07:00 [INF] Caching: CombinationInfo
2026-08-05 18:50:12.323 +07:00 [INF] Caching...
2026-08-05 18:50:12.338 +07:00 [INF] Caching: MissionInfo
2026-08-05 18:50:12.338 +07:00 [INF] Caching...
2026-08-05 18:50:12.346 +07:00 [INF] Caching: ArcadeRewardInfo
2026-08-05 18:50:12.347 +07:00 [INF] Caching...
2026-08-05 18:50:12.353 +07:00 [INF] Caching: ArcadeItemInfo
2026-08-05 18:50:12.353 +07:00 [INF] Caching...
2026-08-05 18:50:12.358 +07:00 [INF] Caching: ChallengeArcadeInfo
2026-08-05 18:50:12.358 +07:00 [INF] Caching...
2026-08-05 18:50:12.367 +07:00 [INF] Caching: TaskListInfo
2026-08-05 18:50:12.368 +07:00 [INF] Caching...
2026-08-05 18:50:12.404 +07:00 [INF] Caching: PromotionInfo
2026-08-05 18:50:12.405 +07:00 [INF] Caching...
2026-08-05 18:50:12.463 +07:00 [INF] Caching: MakeCharacterInfo
2026-08-05 18:50:12.464 +07:00 [INF] Caching...
2026-08-05 18:50:12.495 +07:00 [INF] Caching: SupportItemInfo
2026-08-05 18:50:12.496 +07:00 [INF] Caching...
2026-08-05 18:50:12.502 +07:00 [INF] Starting Web Api
2026-08-05 18:50:12.503 +07:00 [INF] Serverinstances successfully started, ready for connections!
2026-08-05 18:50:12.504 +07:00 [INF] ____________________________________________________________
2026-08-05 18:50:12.520 +07:00 [INF] Connected to authserver
2026-08-05 18:50:45.506 +07:00 [DBG] New incoming client(1001) on [::ffff:127.0.0.1]:52042
2026-08-05 18:50:45.580 +07:00 [VRB] Handshake:NotifyCSEncryptedSessionKey
2026-08-05 18:50:45.594 +07:00 [VRB] Handshake:NotifyServerConnectionRequestData
2026-08-05 18:50:45.596 +07:00 [DBG] Adding new session 1001
2026-08-05 18:50:45.797 +07:00 [INF] GameServer login from 127.0.0.1:52042 : Country: UNK
2026-08-05 18:50:45.799 +07:00 [INF] Login success
2026-08-05 18:50:45.809 +07:00 [VRB] Sending message NewShopUpdateCheckAckMessage using options={"Encrypt":true,"Compress":false,"$type":"SendOptions"}
2026-08-05 18:50:45.828 +07:00 [VRB] Sending message RandomShopUpdateCheckAckMessage using options={"Encrypt":true,"Compress":false,"$type":"SendOptions"}
2026-08-05 18:50:45.831 +07:00 [INF] RandomShop: pools=3 items=29
2026-08-05 18:50:45.847 +07:00 [VRB] Sending message RandomShopUpdateInfoAckMessage using options={"Encrypt":true,"Compress":true,"$type":"SendOptions"}
2026-08-05 18:50:45.863 +07:00 [VRB] Sending message LoginReguestAckMessage using options={"Encrypt":true,"Compress":false,"$type":"SendOptions"}
2026-08-05 18:50:45.886 +07:00 [VRB] Sending message MoneyRefreshCashInfoAckMessage using options={"Encrypt":true,"Compress":false,"$type":"SendOptions"}
2026-08-05 18:50:45.887 +07:00 [VRB] Sending message CharacterCurrentSlotInfoAckMessage using options={"Encrypt":true,"Compress":false,"$type":"SendOptions"}
2026-08-05 18:50:45.889 +07:00 [VRB] Sending message MoenyRefreshCoinInfoAckMessage using options={"Encrypt":true,"Compress":false,"$type":"SendOptions"}
2026-08-05 18:50:45.890 +07:00 [VRB] Sending message ShoppingBasketListInfoAckMessage using options={"Encrypt":true,"Compress":false,"$type":"SendOptions"}
2026-08-05 18:50:45.894 +07:00 [VRB] Sending message ItemInventoryInfoAckMessage using options={"Encrypt":true,"Compress":false,"$type":"SendOptions"}
2026-08-05 18:50:45.899 +07:00 [VRB] Sending message PlayeArcadeMapInfoAckMessage using options={"Encrypt":true,"Compress":false,"$type":"SendOptions"}
2026-08-05 18:50:45.901 +07:00 [VRB] Sending message PlayerArcadeStageInfoAckMessage using options={"Encrypt":true,"Compress":false,"$type":"SendOptions"}
2026-08-05 18:50:45.903 +07:00 [VRB] Sending message ClubMyInfoAckMessage using options={"Encrypt":true,"Compress":false,"$type":"SendOptions"}
2026-08-05 18:50:45.904 +07:00 [VRB] Sending message CharacterCurrentInfoAckMessage using options={"Encrypt":true,"Compress":false,"$type":"SendOptions"}
2026-08-05 18:50:45.906 +07:00 [VRB] Sending message CharacterCurrentItemInfoAckMessage using options={"Encrypt":true,"Compress":false,"$type":"SendOptions"}
2026-08-05 18:50:45.907 +07:00 [VRB] Sending message ItemEquipBoostItemInfoAckMessage using options={"Encrypt":true,"Compress":false,"$type":"SendOptions"}
2026-08-05 18:50:45.913 +07:00 [VRB] Sending message EspherChipLv5Message using options={"Encrypt":true,"Compress":false,"$type":"SendOptions"}
2026-08-05 18:50:45.914 +07:00 [VRB] Sending message ItemClearInvalidEquipItemAckMessage using options={"Encrypt":true,"Compress":false,"$type":"SendOptions"}
2026-08-05 18:50:45.915 +07:00 [VRB] Sending message ItemClearEsperChipAckMessage using options={"Encrypt":true,"Compress":false,"$type":"SendOptions"}
2026-08-05 18:50:45.916 +07:00 [VRB] Sending message MapOpenInfosMessage using options={"Encrypt":true,"Compress":false,"$type":"SendOptions"}
2026-08-05 18:50:45.919 +07:00 [VRB] Sending message PlayerAccountInfoAckMessage using options={"Encrypt":true,"Compress":false,"$type":"SendOptions"}
2026-08-05 18:50:45.951 +07:00 [VRB] Sending message ServerResultAckMessage using options={"Encrypt":true,"Compress":false,"$type":"SendOptions"}
2026-08-05 18:50:45.969 +07:00 [VRB] Sending message AdminShowWindowAckMessage using options={"Encrypt":true,"Compress":false,"$type":"SendOptions"}
2026-08-05 18:50:45.973 +07:00 [VRB] Sending message ItemUseItemAckMessage using options={"Encrypt":true,"Compress":false,"$type":"SendOptions"}
2026-08-05 18:50:47.729 +07:00 [DBG] New incoming client(1001) on [::ffff:127.0.0.1]:52045
2026-08-05 18:50:47.745 +07:00 [VRB] Handshake:NotifyCSEncryptedSessionKey
2026-08-05 18:50:47.755 +07:00 [VRB] Handshake:NotifyServerConnectionRequestData
2026-08-05 18:50:47.756 +07:00 [DBG] Adding new session 1001
2026-08-05 18:50:47.773 +07:00 [INF] ChatServer login from 127.0.0.1:52045
2026-08-05 18:50:47.774 +07:00 [INF] Login success
2026-08-05 18:50:47.774 +07:00 [VRB] Sending message LoginAckMessage using options={"Encrypt":true,"Compress":false,"$type":"SendOptions"}
2026-08-05 18:50:47.777 +07:00 [VRB] Sending message DenyListAckMessage using options={"Encrypt":true,"Compress":false,"$type":"SendOptions"}
2026-08-05 18:50:47.783 +07:00 [VRB] Sending message FriendListAckMessage using options={"Encrypt":true,"Compress":false,"$type":"SendOptions"}
2026-08-05 18:50:47.786 +07:00 [VRB] Sending message ChatPlayerInfoListAckMessage using options={"Encrypt":true,"Compress":false,"$type":"SendOptions"}
2026-08-05 18:50:47.792 +07:00 [VRB] Sending message ChatPlayerInfoAckMessage using options={"Encrypt":true,"Compress":false,"$type":"SendOptions"}
2026-08-05 18:50:52.817 +07:00 [VRB] Sending message TimeSyncAckMessage using options={"Encrypt":true,"Compress":false,"$type":"SendOptions"}
2026-08-05 18:50:52.890 +07:00 [VRB] Sending message ClubInfoAckMessage using options={"Encrypt":true,"Compress":false,"$type":"SendOptions"}
2026-08-05 18:50:52.908 +07:00 [VRB] Sending message ChannelPlayerListAckMessage using options={"Encrypt":true,"Compress":false,"$type":"SendOptions"}
2026-08-05 18:50:52.909 +07:00 [VRB] Sending message Chennel_PlayerNameTagList_AckMessage using options={"Encrypt":true,"Compress":false,"$type":"SendOptions"}
2026-08-05 18:50:52.910 +07:00 [VRB] Sending message NoteCountAckMessage using options={"Encrypt":true,"Compress":false,"$type":"SendOptions"}
2026-08-05 18:50:52.913 +07:00 [VRB] Sending message ChannelListInfoAckMessage using options={"Encrypt":true,"Compress":false,"$type":"SendOptions"}
2026-08-05 18:50:57.818 +07:00 [VRB] Sending message TimeSyncAckMessage using options={"Encrypt":true,"Compress":false,"$type":"SendOptions"}
2026-08-05 18:51:02.835 +07:00 [VRB] Sending message TimeSyncAckMessage using options={"Encrypt":true,"Compress":false,"$type":"SendOptions"}
2026-08-05 18:51:07.842 +07:00 [VRB] Sending message TimeSyncAckMessage using options={"Encrypt":true,"Compress":false,"$type":"SendOptions"}
2026-08-05 18:51:12.583 +07:00 [INF] Playerdata save completed.
2026-08-05 18:51:12.854 +07:00 [VRB] Sending message TimeSyncAckMessage using options={"Encrypt":true,"Compress":false,"$type":"SendOptions"}
2026-08-05 18:51:17.856 +07:00 [VRB] Sending message TimeSyncAckMessage using options={"Encrypt":true,"Compress":false,"$type":"SendOptions"}
2026-08-05 18:51:22.870 +07:00 [VRB] Sending message TimeSyncAckMessage using options={"Encrypt":true,"Compress":false,"$type":"SendOptions"}
2026-08-05 18:51:27.875 +07:00 [VRB] Sending message TimeSyncAckMessage using options={"Encrypt":true,"Compress":false,"$type":"SendOptions"}
2026-08-05 18:51:32.876 +07:00 [VRB] Sending message TimeSyncAckMessage using options={"Encrypt":true,"Compress":false,"$type":"SendOptions"}
2026-08-05 18:51:37.881 +07:00 [VRB] Sending message TimeSyncAckMessage using options={"Encrypt":true,"Compress":false,"$type":"SendOptions"}
2026-08-05 18:51:39.603 +07:00 [VRB] Sending message ReliablePongMessage using options={"Encrypt":false,"Compress":false,"$type":"SendOptions"}
2026-08-05 18:51:41.765 +07:00 [VRB] Sending message ReliablePongMessage using options={"Encrypt":false,"Compress":false,"$type":"SendOptions"}
2026-08-05 18:51:42.888 +07:00 [VRB] Sending message TimeSyncAckMessage using options={"Encrypt":true,"Compress":false,"$type":"SendOptions"}
2026-08-05 18:51:47.894 +07:00 [VRB] Sending message TimeSyncAckMessage using options={"Encrypt":true,"Compress":false,"$type":"SendOptions"}
2026-08-05 18:51:52.902 +07:00 [VRB] Sending message TimeSyncAckMessage using options={"Encrypt":true,"Compress":false,"$type":"SendOptions"}
2026-08-05 18:51:57.909 +07:00 [VRB] Sending message TimeSyncAckMessage using options={"Encrypt":true,"Compress":false,"$type":"SendOptions"}
2026-08-05 18:52:02.932 +07:00 [VRB] Sending message TimeSyncAckMessage using options={"Encrypt":true,"Compress":false,"$type":"SendOptions"}
2026-08-05 18:52:07.941 +07:00 [VRB] Sending message TimeSyncAckMessage using options={"Encrypt":true,"Compress":false,"$type":"SendOptions"}
2026-08-05 18:52:12.632 +07:00 [INF] Playerdata save completed.
2026-08-05 18:52:12.942 +07:00 [VRB] Sending message TimeSyncAckMessage using options={"Encrypt":true,"Compress":false,"$type":"SendOptions"}
2026-08-05 18:52:17.959 +07:00 [VRB] Sending message TimeSyncAckMessage using options={"Encrypt":true,"Compress":false,"$type":"SendOptions"}
2026-08-05 18:52:20.704 +07:00 [INF] Closing...
2026-08-05 18:52:20.705 +07:00 [VRB] Sending message ItemUseChangeNickAckMessage using options={"Encrypt":true,"Compress":false,"$type":"SendOptions"}
2026-08-05 18:52:20.706 +07:00 [VRB] Sending message ServerResultAckMessage using options={"Encrypt":true,"Compress":false,"$type":"SendOptions"}
2026-08-05 18:54:43.017 +07:00 [INF] ============================================
2026-08-05 18:54:43.035 +07:00 [INF] Initializing GameServer build
2026-08-05 18:54:43.035 +07:00 [INF] New IDS
2026-08-05 18:54:43.036 +07:00 [INF] Latest S4
2026-08-05 18:54:43.036 +07:00 [INF] ============================================
2026-08-05 18:54:43.037 +07:00 [INF] Initializing Database
2026-08-05 18:54:43.041 +07:00 [INF] Initializing...
2026-08-05 18:54:43.371 +07:00 [INF] Initializing...
2026-08-05 18:54:43.374 +07:00 [INF] Starting Server
2026-08-05 18:54:43.375 +07:00 [INF] ____________________________________________
2026-08-05 18:54:43.375 +07:00 [INF] ____________________________________________
2026-08-05 18:54:43.376 +07:00 [INF] ============================================
2026-08-05 18:54:43.376 +07:00 [INF] Starting Serverinstances and ResourceCache..
2026-08-05 18:54:43.696 +07:00 [INF] Caching: Channels
2026-08-05 18:54:43.696 +07:00 [INF] Caching...
2026-08-05 18:54:43.710 +07:00 [INF] Caching: Clubs
2026-08-05 18:54:43.711 +07:00 [INF] Caching...
2026-08-05 18:54:43.736 +07:00 [INF] Starting - tcp=127.0.0.1:28004 udp=null udp-port=null
2026-08-05 18:54:43.787 +07:00 [INF] Starting - tcp=127.0.0.1:28005 udp=127.0.0.1 udp-port=null
2026-08-05 18:54:43.788 +07:00 [INF] Starting - tcp=127.0.0.1:28003 udp=null udp-port=null
2026-08-05 18:54:43.790 +07:00 [INF] Caching: Effects
2026-08-05 18:54:43.791 +07:00 [INF] Caching...
2026-08-05 18:54:43.833 +07:00 [INF] Caching: Items
2026-08-05 18:54:43.835 +07:00 [INF] Caching...
2026-08-05 18:54:43.927 +07:00 [INF] Caching: DefaultItems
2026-08-05 18:54:43.928 +07:00 [INF] Caching...
2026-08-05 18:54:43.936 +07:00 [INF] Caching: Shop
2026-08-05 18:54:43.937 +07:00 [INF] Caching...
2026-08-05 18:54:44.030 +07:00 [INF] Caching: Experience
2026-08-05 18:54:44.031 +07:00 [INF] Caching...
2026-08-05 18:54:44.036 +07:00 [INF] Caching: Maps
2026-08-05 18:54:44.037 +07:00 [INF] Caching...
2026-08-05 18:54:44.048 +07:00 [INF] Caching: GameTempos
2026-08-05 18:54:44.049 +07:00 [INF] Caching...
2026-08-05 18:54:44.068 +07:00 [INF] Caching: Capsules
2026-08-05 18:54:44.069 +07:00 [INF] Caching...
2026-08-05 18:54:44.119 +07:00 [INF] Caching: RandomShop
2026-08-05 18:54:44.120 +07:00 [INF] Caching...
2026-08-05 18:54:44.129 +07:00 [INF] Caching: CardSystem
2026-08-05 18:54:44.129 +07:00 [INF] Caching...
2026-08-05 18:54:44.152 +07:00 [INF] Caching: ExperienceBonus
2026-08-05 18:54:44.153 +07:00 [INF] Caching...
2026-08-05 18:54:44.159 +07:00 [INF] Caching: PointBonus
2026-08-05 18:54:44.160 +07:00 [INF] Caching...
2026-08-05 18:54:44.170 +07:00 [INF] Caching: MasterExperience
2026-08-05 18:54:44.170 +07:00 [INF] Caching...
2026-08-05 18:54:44.176 +07:00 [INF] Caching: BurningTime
2026-08-05 18:54:44.177 +07:00 [INF] Caching...
2026-08-05 18:54:44.188 +07:00 [INF] Caching: BurningTimePve
2026-08-05 18:54:44.189 +07:00 [INF] Caching...
2026-08-05 18:54:44.190 +07:00 [INF] Caching: EquipLimit
2026-08-05 18:54:44.190 +07:00 [INF] Caching...
2026-08-05 18:54:44.199 +07:00 [INF] Caching: RoomOption
2026-08-05 18:54:44.200 +07:00 [INF] Caching...
2026-08-05 18:54:44.214 +07:00 [INF] Caching: EnchantData
2026-08-05 18:54:44.215 +07:00 [INF] Caching...
2026-08-05 18:54:44.226 +07:00 [INF] Caching: EnchantList
2026-08-05 18:54:44.227 +07:00 [INF] Caching...
2026-08-05 18:54:44.235 +07:00 [INF] Caching: EnchantExtractKey
2026-08-05 18:54:44.236 +07:00 [INF] Caching...
2026-08-05 18:54:44.242 +07:00 [INF] Caching: EsperEnchantPrice
2026-08-05 18:54:44.243 +07:00 [INF] Caching...
2026-08-05 18:54:44.248 +07:00 [INF] Caching: ItemGrade
2026-08-05 18:54:44.249 +07:00 [INF] Caching...
2026-08-05 18:54:44.255 +07:00 [INF] Caching: CombineElement
2026-08-05 18:54:44.256 +07:00 [INF] Caching...
2026-08-05 18:54:44.261 +07:00 [INF] Caching: DecompositionElement
2026-08-05 18:54:44.262 +07:00 [INF] Caching...
2026-08-05 18:54:44.267 +07:00 [INF] Caching: SeizeModeNewInfo
2026-08-05 18:54:44.268 +07:00 [INF] Caching...
2026-08-05 18:54:44.282 +07:00 [INF] Caching: StadiumInfo
2026-08-05 18:54:44.283 +07:00 [INF] Caching...
2026-08-05 18:54:44.294 +07:00 [INF] Caching: DecompositionInfo
2026-08-05 18:54:44.295 +07:00 [INF] Caching...
2026-08-05 18:54:44.310 +07:00 [INF] Caching: CombinationInfo
2026-08-05 18:54:44.311 +07:00 [INF] Caching...
2026-08-05 18:54:44.326 +07:00 [INF] Caching: MissionInfo
2026-08-05 18:54:44.327 +07:00 [INF] Caching...
2026-08-05 18:54:44.336 +07:00 [INF] Caching: ArcadeRewardInfo
2026-08-05 18:54:44.337 +07:00 [INF] Caching...
2026-08-05 18:54:44.343 +07:00 [INF] Caching: ArcadeItemInfo
2026-08-05 18:54:44.344 +07:00 [INF] Caching...
2026-08-05 18:54:44.348 +07:00 [INF] Caching: ChallengeArcadeInfo
2026-08-05 18:54:44.349 +07:00 [INF] Caching...
2026-08-05 18:54:44.358 +07:00 [INF] Caching: TaskListInfo
2026-08-05 18:54:44.359 +07:00 [INF] Caching...
2026-08-05 18:54:44.397 +07:00 [INF] Caching: PromotionInfo
2026-08-05 18:54:44.398 +07:00 [INF] Caching...
2026-08-05 18:54:44.456 +07:00 [INF] Caching: MakeCharacterInfo
2026-08-05 18:54:44.457 +07:00 [INF] Caching...
2026-08-05 18:54:44.488 +07:00 [INF] Caching: SupportItemInfo
2026-08-05 18:54:44.489 +07:00 [INF] Caching...
2026-08-05 18:54:44.496 +07:00 [INF] Starting Web Api
2026-08-05 18:54:44.497 +07:00 [INF] Serverinstances successfully started, ready for connections!
2026-08-05 18:54:44.497 +07:00 [INF] ____________________________________________________________
2026-08-05 18:54:44.513 +07:00 [INF] Connected to authserver
2026-08-05 18:55:50.546 +07:00 [DBG] New incoming client(1001) on [::ffff:127.0.0.1]:53084
2026-08-05 18:55:50.626 +07:00 [VRB] Handshake:NotifyCSEncryptedSessionKey
2026-08-05 18:55:50.642 +07:00 [VRB] Handshake:NotifyServerConnectionRequestData
2026-08-05 18:55:50.643 +07:00 [DBG] Adding new session 1001
2026-08-05 18:55:50.842 +07:00 [INF] GameServer login from 127.0.0.1:53084 : Country: UNK
2026-08-05 18:55:50.844 +07:00 [INF] Login success
2026-08-05 18:55:50.862 +07:00 [VRB] Sending message RandomShopUpdateCheckAckMessage using options={"Encrypt":true,"Compress":false,"$type":"SendOptions"}
2026-08-05 18:55:50.872 +07:00 [INF] RandomShop: pools=3 items=29
2026-08-05 18:55:50.888 +07:00 [VRB] Sending message NewShopUpdataInfoAckMessage using options={"Encrypt":true,"Compress":true,"$type":"SendOptions"}
2026-08-05 18:55:50.911 +07:00 [VRB] Sending message NewShopUpdateCheckAckMessage using options={"Encrypt":true,"Compress":false,"$type":"SendOptions"}
2026-08-05 18:55:50.915 +07:00 [VRB] Sending message NewShopUpdataInfoAckMessage using options={"Encrypt":true,"Compress":true,"$type":"SendOptions"}
2026-08-05 18:55:50.917 +07:00 [VRB] Sending message NewShopUpdataInfoAckMessage using options={"Encrypt":true,"Compress":true,"$type":"SendOptions"}
2026-08-05 18:55:50.919 +07:00 [VRB] Sending message NewShopUpdataInfoAckMessage using options={"Encrypt":true,"Compress":true,"$type":"SendOptions"}
2026-08-05 18:55:50.936 +07:00 [VRB] Sending message NewShopUpdataInfoAckMessage using options={"Encrypt":true,"Compress":true,"$type":"SendOptions"}
2026-08-05 18:55:50.938 +07:00 [VRB] Sending message LoginReguestAckMessage using options={"Encrypt":true,"Compress":false,"$type":"SendOptions"}
2026-08-05 18:55:50.946 +07:00 [VRB] Sending message MoneyRefreshCashInfoAckMessage using options={"Encrypt":true,"Compress":false,"$type":"SendOptions"}
2026-08-05 18:55:50.947 +07:00 [VRB] Sending message CharacterCurrentSlotInfoAckMessage using options={"Encrypt":true,"Compress":false,"$type":"SendOptions"}
2026-08-05 18:55:50.948 +07:00 [VRB] Sending message MoenyRefreshCoinInfoAckMessage using options={"Encrypt":true,"Compress":false,"$type":"SendOptions"}
2026-08-05 18:55:50.949 +07:00 [VRB] Sending message ShoppingBasketListInfoAckMessage using options={"Encrypt":true,"Compress":false,"$type":"SendOptions"}
2026-08-05 18:55:50.955 +07:00 [VRB] Sending message ItemInventoryInfoAckMessage using options={"Encrypt":true,"Compress":false,"$type":"SendOptions"}
2026-08-05 18:55:50.957 +07:00 [VRB] Sending message PlayeArcadeMapInfoAckMessage using options={"Encrypt":true,"Compress":false,"$type":"SendOptions"}
2026-08-05 18:55:50.958 +07:00 [VRB] Sending message PlayerArcadeStageInfoAckMessage using options={"Encrypt":true,"Compress":false,"$type":"SendOptions"}
2026-08-05 18:55:50.960 +07:00 [VRB] Sending message ClubMyInfoAckMessage using options={"Encrypt":true,"Compress":false,"$type":"SendOptions"}
2026-08-05 18:55:50.961 +07:00 [VRB] Sending message CharacterCurrentInfoAckMessage using options={"Encrypt":true,"Compress":false,"$type":"SendOptions"}
2026-08-05 18:55:50.966 +07:00 [VRB] Sending message CharacterCurrentItemInfoAckMessage using options={"Encrypt":true,"Compress":false,"$type":"SendOptions"}
2026-08-05 18:55:50.968 +07:00 [VRB] Sending message ItemEquipBoostItemInfoAckMessage using options={"Encrypt":true,"Compress":false,"$type":"SendOptions"}
2026-08-05 18:55:50.969 +07:00 [VRB] Sending message EspherChipLv5Message using options={"Encrypt":true,"Compress":false,"$type":"SendOptions"}
2026-08-05 18:55:50.970 +07:00 [VRB] Sending message ItemClearInvalidEquipItemAckMessage using options={"Encrypt":true,"Compress":false,"$type":"SendOptions"}
2026-08-05 18:55:50.971 +07:00 [VRB] Sending message ItemClearEsperChipAckMessage using options={"Encrypt":true,"Compress":false,"$type":"SendOptions"}
2026-08-05 18:55:50.972 +07:00 [VRB] Sending message MapOpenInfosMessage using options={"Encrypt":true,"Compress":false,"$type":"SendOptions"}
2026-08-05 18:55:50.978 +07:00 [VRB] Sending message PlayerAccountInfoAckMessage using options={"Encrypt":true,"Compress":false,"$type":"SendOptions"}
2026-08-05 18:55:51.003 +07:00 [VRB] Sending message ServerResultAckMessage using options={"Encrypt":true,"Compress":false,"$type":"SendOptions"}
2026-08-05 18:55:52.569 +07:00 [VRB] Sending message AdminShowWindowAckMessage using options={"Encrypt":true,"Compress":false,"$type":"SendOptions"}
2026-08-05 18:55:52.573 +07:00 [VRB] Sending message ItemUseItemAckMessage using options={"Encrypt":true,"Compress":false,"$type":"SendOptions"}
2026-08-05 18:55:53.214 +07:00 [DBG] New incoming client(1001) on [::ffff:127.0.0.1]:53087
2026-08-05 18:55:53.231 +07:00 [VRB] Handshake:NotifyCSEncryptedSessionKey
2026-08-05 18:55:53.241 +07:00 [VRB] Handshake:NotifyServerConnectionRequestData
2026-08-05 18:55:53.241 +07:00 [DBG] Adding new session 1001
2026-08-05 18:55:53.269 +07:00 [INF] ChatServer login from 127.0.0.1:53087
2026-08-05 18:55:53.270 +07:00 [INF] Login success
2026-08-05 18:55:53.271 +07:00 [VRB] Sending message LoginAckMessage using options={"Encrypt":true,"Compress":false,"$type":"SendOptions"}
2026-08-05 18:55:53.276 +07:00 [VRB] Sending message DenyListAckMessage using options={"Encrypt":true,"Compress":false,"$type":"SendOptions"}
2026-08-05 18:55:53.280 +07:00 [VRB] Sending message FriendListAckMessage using options={"Encrypt":true,"Compress":false,"$type":"SendOptions"}
2026-08-05 18:55:53.282 +07:00 [VRB] Sending message ChatPlayerInfoListAckMessage using options={"Encrypt":true,"Compress":false,"$type":"SendOptions"}
2026-08-05 18:55:53.287 +07:00 [VRB] Sending message ChatPlayerInfoAckMessage using options={"Encrypt":true,"Compress":false,"$type":"SendOptions"}
2026-08-05 18:55:58.194 +07:00 [VRB] Sending message TimeSyncAckMessage using options={"Encrypt":true,"Compress":false,"$type":"SendOptions"}
2026-08-05 18:55:58.261 +07:00 [VRB] Sending message ClubInfoAckMessage using options={"Encrypt":true,"Compress":false,"$type":"SendOptions"}
2026-08-05 18:55:58.272 +07:00 [VRB] Sending message ChannelPlayerListAckMessage using options={"Encrypt":true,"Compress":false,"$type":"SendOptions"}
2026-08-05 18:55:58.273 +07:00 [VRB] Sending message Chennel_PlayerNameTagList_AckMessage using options={"Encrypt":true,"Compress":false,"$type":"SendOptions"}
2026-08-05 18:55:58.275 +07:00 [VRB] Sending message NoteCountAckMessage using options={"Encrypt":true,"Compress":false,"$type":"SendOptions"}
2026-08-05 18:55:58.277 +07:00 [VRB] Sending message ChannelListInfoAckMessage using options={"Encrypt":true,"Compress":false,"$type":"SendOptions"}
2026-08-05 18:56:03.214 +07:00 [VRB] Sending message TimeSyncAckMessage using options={"Encrypt":true,"Compress":false,"$type":"SendOptions"}
2026-08-05 18:56:08.207 +07:00 [VRB] Sending message TimeSyncAckMessage using options={"Encrypt":true,"Compress":false,"$type":"SendOptions"}
2026-08-05 18:56:13.222 +07:00 [VRB] Sending message TimeSyncAckMessage using options={"Encrypt":true,"Compress":false,"$type":"SendOptions"}
2026-08-05 18:56:18.230 +07:00 [VRB] Sending message TimeSyncAckMessage using options={"Encrypt":true,"Compress":false,"$type":"SendOptions"}
2026-08-05 18:56:23.242 +07:00 [VRB] Sending message TimeSyncAckMessage using options={"Encrypt":true,"Compress":false,"$type":"SendOptions"}
2026-08-05 18:56:28.241 +07:00 [VRB] Sending message TimeSyncAckMessage using options={"Encrypt":true,"Compress":false,"$type":"SendOptions"}
2026-08-05 18:56:33.253 +07:00 [VRB] Sending message TimeSyncAckMessage using options={"Encrypt":true,"Compress":false,"$type":"SendOptions"}
2026-08-05 18:56:38.269 +07:00 [VRB] Sending message TimeSyncAckMessage using options={"Encrypt":true,"Compress":false,"$type":"SendOptions"}
2026-08-05 18:56:43.268 +07:00 [VRB] Sending message TimeSyncAckMessage using options={"Encrypt":true,"Compress":false,"$type":"SendOptions"}
2026-08-05 18:56:44.655 +07:00 [VRB] Sending message ReliablePongMessage using options={"Encrypt":false,"Compress":false,"$type":"SendOptions"}
2026-08-05 18:56:44.738 +07:00 [INF] Playerdata save completed.
2026-08-05 18:56:47.242 +07:00 [VRB] Sending message ReliablePongMessage using options={"Encrypt":false,"Compress":false,"$type":"SendOptions"}
2026-08-05 18:56:48.276 +07:00 [VRB] Sending message TimeSyncAckMessage using options={"Encrypt":true,"Compress":false,"$type":"SendOptions"}
2026-08-05 18:56:53.287 +07:00 [VRB] Sending message TimeSyncAckMessage using options={"Encrypt":true,"Compress":false,"$type":"SendOptions"}
2026-08-05 18:56:58.287 +07:00 [VRB] Sending message TimeSyncAckMessage using options={"Encrypt":true,"Compress":false,"$type":"SendOptions"}
2026-08-05 18:57:03.297 +07:00 [VRB] Sending message TimeSyncAckMessage using options={"Encrypt":true,"Compress":false,"$type":"SendOptions"}
2026-08-05 18:57:08.297 +07:00 [VRB] Sending message TimeSyncAckMessage using options={"Encrypt":true,"Compress":false,"$type":"SendOptions"}
2026-08-05 18:57:11.856 +07:00 [INF] Closing...
2026-08-05 18:57:11.858 +07:00 [VRB] Sending message ItemUseChangeNickAckMessage using options={"Encrypt":true,"Compress":false,"$type":"SendOptions"}
2026-08-05 18:57:11.859 +07:00 [VRB] Sending message ServerResultAckMessage using options={"Encrypt":true,"Compress":false,"$type":"SendOptions"}
2026-08-05 19:01:31.297 +07:00 [INF] ============================================
2026-08-05 19:01:31.314 +07:00 [INF] Initializing GameServer build
2026-08-05 19:01:31.314 +07:00 [INF] New IDS
2026-08-05 19:01:31.314 +07:00 [INF] Latest S4
2026-08-05 19:01:31.315 +07:00 [INF] ============================================
2026-08-05 19:01:31.315 +07:00 [INF] Initializing Database
2026-08-05 19:01:31.320 +07:00 [INF] Initializing...
2026-08-05 19:01:31.633 +07:00 [INF] Initializing...
2026-08-05 19:01:31.636 +07:00 [INF] Starting Server
2026-08-05 19:01:31.637 +07:00 [INF] ____________________________________________
2026-08-05 19:01:31.637 +07:00 [INF] ____________________________________________
2026-08-05 19:01:31.637 +07:00 [INF] ============================================
2026-08-05 19:01:31.638 +07:00 [INF] Starting Serverinstances and ResourceCache..
2026-08-05 19:01:31.892 +07:00 [INF] Caching: Channels
2026-08-05 19:01:31.893 +07:00 [INF] Caching...
2026-08-05 19:01:31.907 +07:00 [INF] Caching: Clubs
2026-08-05 19:01:31.907 +07:00 [INF] Caching...
2026-08-05 19:01:31.932 +07:00 [INF] Starting - tcp=127.0.0.1:28004 udp=null udp-port=null
2026-08-05 19:01:31.981 +07:00 [INF] Starting - tcp=127.0.0.1:28005 udp=127.0.0.1 udp-port=null
2026-08-05 19:01:31.983 +07:00 [INF] Starting - tcp=127.0.0.1:28003 udp=null udp-port=null
2026-08-05 19:01:31.985 +07:00 [INF] Caching: Effects
2026-08-05 19:01:31.986 +07:00 [INF] Caching...
2026-08-05 19:01:32.027 +07:00 [INF] Caching: Items
2026-08-05 19:01:32.028 +07:00 [INF] Caching...
2026-08-05 19:01:32.115 +07:00 [INF] Caching: DefaultItems
2026-08-05 19:01:32.116 +07:00 [INF] Caching...
2026-08-05 19:01:32.123 +07:00 [INF] Caching: Shop
2026-08-05 19:01:32.124 +07:00 [INF] Caching...
2026-08-05 19:01:32.207 +07:00 [INF] Caching: Experience
2026-08-05 19:01:32.208 +07:00 [INF] Caching...
2026-08-05 19:01:32.213 +07:00 [INF] Caching: Maps
2026-08-05 19:01:32.214 +07:00 [INF] Caching...
2026-08-05 19:01:32.224 +07:00 [INF] Caching: GameTempos
2026-08-05 19:01:32.225 +07:00 [INF] Caching...
2026-08-05 19:01:32.242 +07:00 [INF] Caching: Capsules
2026-08-05 19:01:32.243 +07:00 [INF] Caching...
2026-08-05 19:01:32.288 +07:00 [INF] Caching: RandomShop
2026-08-05 19:01:32.289 +07:00 [INF] Caching...
2026-08-05 19:01:32.297 +07:00 [INF] Caching: CardSystem
2026-08-05 19:01:32.298 +07:00 [INF] Caching...
2026-08-05 19:01:32.318 +07:00 [INF] Caching: ExperienceBonus
2026-08-05 19:01:32.319 +07:00 [INF] Caching...
2026-08-05 19:01:32.325 +07:00 [INF] Caching: PointBonus
2026-08-05 19:01:32.325 +07:00 [INF] Caching...
2026-08-05 19:01:32.335 +07:00 [INF] Caching: MasterExperience
2026-08-05 19:01:32.336 +07:00 [INF] Caching...
2026-08-05 19:01:32.341 +07:00 [INF] Caching: BurningTime
2026-08-05 19:01:32.342 +07:00 [INF] Caching...
2026-08-05 19:01:32.352 +07:00 [INF] Caching: BurningTimePve
2026-08-05 19:01:32.352 +07:00 [INF] Caching...
2026-08-05 19:01:32.353 +07:00 [INF] Caching: EquipLimit
2026-08-05 19:01:32.354 +07:00 [INF] Caching...
2026-08-05 19:01:32.361 +07:00 [INF] Caching: RoomOption
2026-08-05 19:01:32.362 +07:00 [INF] Caching...
2026-08-05 19:01:32.374 +07:00 [INF] Caching: EnchantData
2026-08-05 19:01:32.375 +07:00 [INF] Caching...
2026-08-05 19:01:32.386 +07:00 [INF] Caching: EnchantList
2026-08-05 19:01:32.387 +07:00 [INF] Caching...
2026-08-05 19:01:32.395 +07:00 [INF] Caching: EnchantExtractKey
2026-08-05 19:01:32.396 +07:00 [INF] Caching...
2026-08-05 19:01:32.401 +07:00 [INF] Caching: EsperEnchantPrice
2026-08-05 19:01:32.401 +07:00 [INF] Caching...
2026-08-05 19:01:32.407 +07:00 [INF] Caching: ItemGrade
2026-08-05 19:01:32.408 +07:00 [INF] Caching...
2026-08-05 19:01:32.413 +07:00 [INF] Caching: CombineElement
2026-08-05 19:01:32.413 +07:00 [INF] Caching...
2026-08-05 19:01:32.418 +07:00 [INF] Caching: DecompositionElement
2026-08-05 19:01:32.418 +07:00 [INF] Caching...
2026-08-05 19:01:32.423 +07:00 [INF] Caching: SeizeModeNewInfo
2026-08-05 19:01:32.423 +07:00 [INF] Caching...
2026-08-05 19:01:32.437 +07:00 [INF] Caching: StadiumInfo
2026-08-05 19:01:32.437 +07:00 [INF] Caching...
2026-08-05 19:01:32.448 +07:00 [INF] Caching: DecompositionInfo
2026-08-05 19:01:32.448 +07:00 [INF] Caching...
2026-08-05 19:01:32.462 +07:00 [INF] Caching: CombinationInfo
2026-08-05 19:01:32.463 +07:00 [INF] Caching...
2026-08-05 19:01:32.478 +07:00 [INF] Caching: MissionInfo
2026-08-05 19:01:32.478 +07:00 [INF] Caching...
2026-08-05 19:01:32.486 +07:00 [INF] Caching: ArcadeRewardInfo
2026-08-05 19:01:32.487 +07:00 [INF] Caching...
2026-08-05 19:01:32.494 +07:00 [INF] Caching: ArcadeItemInfo
2026-08-05 19:01:32.494 +07:00 [INF] Caching...
2026-08-05 19:01:32.498 +07:00 [INF] Caching: ChallengeArcadeInfo
2026-08-05 19:01:32.499 +07:00 [INF] Caching...
2026-08-05 19:01:32.508 +07:00 [INF] Caching: TaskListInfo
2026-08-05 19:01:32.508 +07:00 [INF] Caching...
2026-08-05 19:01:32.543 +07:00 [INF] Caching: PromotionInfo
2026-08-05 19:01:32.544 +07:00 [INF] Caching...
2026-08-05 19:01:32.600 +07:00 [INF] Caching: MakeCharacterInfo
2026-08-05 19:01:32.601 +07:00 [INF] Caching...
2026-08-05 19:01:32.630 +07:00 [INF] Caching: SupportItemInfo
2026-08-05 19:01:32.631 +07:00 [INF] Caching...
2026-08-05 19:01:32.637 +07:00 [INF] Starting Web Api
2026-08-05 19:01:32.638 +07:00 [INF] Serverinstances successfully started, ready for connections!
2026-08-05 19:01:32.639 +07:00 [INF] ____________________________________________________________
2026-08-05 19:01:33.670 +07:00 [INF] Connected to authserver
2026-08-05 19:02:09.191 +07:00 [DBG] New incoming client(1001) on [::ffff:127.0.0.1]:61381
2026-08-05 19:02:09.272 +07:00 [VRB] Handshake:NotifyCSEncryptedSessionKey
2026-08-05 19:02:09.285 +07:00 [VRB] Handshake:NotifyServerConnectionRequestData
2026-08-05 19:02:09.287 +07:00 [DBG] Adding new session 1001
2026-08-05 19:02:09.487 +07:00 [INF] GameServer login from 127.0.0.1:61381 : Country: UNK
2026-08-05 19:02:09.489 +07:00 [INF] Login success
2026-08-05 19:02:09.503 +07:00 [VRB] Sending message RandomShopUpdateCheckAckMessage using options={"Encrypt":true,"Compress":false,"$type":"SendOptions"}
2026-08-05 19:02:09.518 +07:00 [INF] RandomShop: pools=3 items=29
2026-08-05 19:02:09.527 +07:00 [VRB] Sending message RandomShopUpdateInfoAckMessage using options={"Encrypt":true,"Compress":true,"$type":"SendOptions"}
2026-08-05 19:02:09.559 +07:00 [VRB] Sending message NewShopUpdateCheckAckMessage using options={"Encrypt":true,"Compress":false,"$type":"SendOptions"}
2026-08-05 19:02:09.562 +07:00 [VRB] Sending message NewShopUpdataInfoAckMessage using options={"Encrypt":true,"Compress":true,"$type":"SendOptions"}
2026-08-05 19:02:09.566 +07:00 [VRB] Sending message NewShopUpdataInfoAckMessage using options={"Encrypt":true,"Compress":true,"$type":"SendOptions"}
2026-08-05 19:02:09.568 +07:00 [VRB] Sending message NewShopUpdataInfoAckMessage using options={"Encrypt":true,"Compress":true,"$type":"SendOptions"}
2026-08-05 19:02:09.583 +07:00 [VRB] Sending message NewShopUpdataInfoAckMessage using options={"Encrypt":true,"Compress":true,"$type":"SendOptions"}
2026-08-05 19:02:09.585 +07:00 [VRB] Sending message LoginReguestAckMessage using options={"Encrypt":true,"Compress":false,"$type":"SendOptions"}
2026-08-05 19:02:09.593 +07:00 [VRB] Sending message MoneyRefreshCashInfoAckMessage using options={"Encrypt":true,"Compress":false,"$type":"SendOptions"}
2026-08-05 19:02:09.595 +07:00 [VRB] Sending message CharacterCurrentSlotInfoAckMessage using options={"Encrypt":true,"Compress":false,"$type":"SendOptions"}
2026-08-05 19:02:09.596 +07:00 [VRB] Sending message MoenyRefreshCoinInfoAckMessage using options={"Encrypt":true,"Compress":false,"$type":"SendOptions"}
2026-08-05 19:02:09.597 +07:00 [VRB] Sending message ShoppingBasketListInfoAckMessage using options={"Encrypt":true,"Compress":false,"$type":"SendOptions"}
2026-08-05 19:02:09.603 +07:00 [VRB] Sending message ItemInventoryInfoAckMessage using options={"Encrypt":true,"Compress":false,"$type":"SendOptions"}
2026-08-05 19:02:09.604 +07:00 [VRB] Sending message PlayeArcadeMapInfoAckMessage using options={"Encrypt":true,"Compress":false,"$type":"SendOptions"}
2026-08-05 19:02:09.605 +07:00 [VRB] Sending message PlayerArcadeStageInfoAckMessage using options={"Encrypt":true,"Compress":false,"$type":"SendOptions"}
2026-08-05 19:02:09.607 +07:00 [VRB] Sending message ClubMyInfoAckMessage using options={"Encrypt":true,"Compress":false,"$type":"SendOptions"}
2026-08-05 19:02:09.609 +07:00 [VRB] Sending message CharacterCurrentInfoAckMessage using options={"Encrypt":true,"Compress":false,"$type":"SendOptions"}
2026-08-05 19:02:09.614 +07:00 [VRB] Sending message CharacterCurrentItemInfoAckMessage using options={"Encrypt":true,"Compress":false,"$type":"SendOptions"}
2026-08-05 19:02:09.615 +07:00 [VRB] Sending message ItemEquipBoostItemInfoAckMessage using options={"Encrypt":true,"Compress":false,"$type":"SendOptions"}
2026-08-05 19:02:09.617 +07:00 [VRB] Sending message EspherChipLv5Message using options={"Encrypt":true,"Compress":false,"$type":"SendOptions"}
2026-08-05 19:02:09.618 +07:00 [VRB] Sending message ItemClearInvalidEquipItemAckMessage using options={"Encrypt":true,"Compress":false,"$type":"SendOptions"}
2026-08-05 19:02:09.619 +07:00 [VRB] Sending message ItemClearEsperChipAckMessage using options={"Encrypt":true,"Compress":false,"$type":"SendOptions"}
2026-08-05 19:02:09.620 +07:00 [VRB] Sending message MapOpenInfosMessage using options={"Encrypt":true,"Compress":false,"$type":"SendOptions"}
2026-08-05 19:02:09.626 +07:00 [VRB] Sending message PlayerAccountInfoAckMessage using options={"Encrypt":true,"Compress":false,"$type":"SendOptions"}
2026-08-05 19:02:09.650 +07:00 [VRB] Sending message ServerResultAckMessage using options={"Encrypt":true,"Compress":false,"$type":"SendOptions"}
2026-08-05 19:02:11.347 +07:00 [VRB] Sending message AdminShowWindowAckMessage using options={"Encrypt":true,"Compress":false,"$type":"SendOptions"}
2026-08-05 19:02:11.351 +07:00 [VRB] Sending message ItemUseItemAckMessage using options={"Encrypt":true,"Compress":false,"$type":"SendOptions"}
2026-08-05 19:02:11.987 +07:00 [DBG] New incoming client(1001) on [::ffff:127.0.0.1]:61390
2026-08-05 19:02:12.003 +07:00 [VRB] Handshake:NotifyCSEncryptedSessionKey
2026-08-05 19:02:12.013 +07:00 [VRB] Handshake:NotifyServerConnectionRequestData
2026-08-05 19:02:12.014 +07:00 [DBG] Adding new session 1001
2026-08-05 19:02:12.044 +07:00 [INF] ChatServer login from 127.0.0.1:61390
2026-08-05 19:02:12.045 +07:00 [INF] Login success
2026-08-05 19:02:12.045 +07:00 [VRB] Sending message LoginAckMessage using options={"Encrypt":true,"Compress":false,"$type":"SendOptions"}
2026-08-05 19:02:12.047 +07:00 [VRB] Sending message DenyListAckMessage using options={"Encrypt":true,"Compress":false,"$type":"SendOptions"}
2026-08-05 19:02:12.054 +07:00 [VRB] Sending message FriendListAckMessage using options={"Encrypt":true,"Compress":false,"$type":"SendOptions"}
2026-08-05 19:02:12.057 +07:00 [VRB] Sending message ChatPlayerInfoListAckMessage using options={"Encrypt":true,"Compress":false,"$type":"SendOptions"}
2026-08-05 19:02:12.063 +07:00 [VRB] Sending message ChatPlayerInfoAckMessage using options={"Encrypt":true,"Compress":false,"$type":"SendOptions"}
2026-08-05 19:02:17.058 +07:00 [VRB] Sending message TimeSyncAckMessage using options={"Encrypt":true,"Compress":false,"$type":"SendOptions"}
2026-08-05 19:02:17.123 +07:00 [VRB] Sending message ClubInfoAckMessage using options={"Encrypt":true,"Compress":false,"$type":"SendOptions"}
2026-08-05 19:02:17.138 +07:00 [VRB] Sending message ChannelPlayerListAckMessage using options={"Encrypt":true,"Compress":false,"$type":"SendOptions"}
2026-08-05 19:02:17.140 +07:00 [VRB] Sending message Chennel_PlayerNameTagList_AckMessage using options={"Encrypt":true,"Compress":false,"$type":"SendOptions"}
2026-08-05 19:02:17.141 +07:00 [VRB] Sending message NoteCountAckMessage using options={"Encrypt":true,"Compress":false,"$type":"SendOptions"}
2026-08-05 19:02:17.144 +07:00 [VRB] Sending message ChannelListInfoAckMessage using options={"Encrypt":true,"Compress":false,"$type":"SendOptions"}
2026-08-05 19:02:22.070 +07:00 [VRB] Sending message TimeSyncAckMessage using options={"Encrypt":true,"Compress":false,"$type":"SendOptions"}
2026-08-05 19:02:27.073 +07:00 [VRB] Sending message TimeSyncAckMessage using options={"Encrypt":true,"Compress":false,"$type":"SendOptions"}
2026-08-05 19:02:32.085 +07:00 [VRB] Sending message TimeSyncAckMessage using options={"Encrypt":true,"Compress":false,"$type":"SendOptions"}
2026-08-05 19:02:32.709 +07:00 [INF] Playerdata save completed.
2026-08-05 19:02:37.086 +07:00 [VRB] Sending message TimeSyncAckMessage using options={"Encrypt":true,"Compress":false,"$type":"SendOptions"}
2026-08-05 19:02:42.098 +07:00 [VRB] Sending message TimeSyncAckMessage using options={"Encrypt":true,"Compress":false,"$type":"SendOptions"}
2026-08-05 19:02:47.107 +07:00 [VRB] Sending message TimeSyncAckMessage using options={"Encrypt":true,"Compress":false,"$type":"SendOptions"}
2026-08-05 19:02:52.107 +07:00 [VRB] Sending message TimeSyncAckMessage using options={"Encrypt":true,"Compress":false,"$type":"SendOptions"}
2026-08-05 19:02:57.107 +07:00 [VRB] Sending message TimeSyncAckMessage using options={"Encrypt":true,"Compress":false,"$type":"SendOptions"}
2026-08-05 19:03:02.116 +07:00 [VRB] Sending message TimeSyncAckMessage using options={"Encrypt":true,"Compress":false,"$type":"SendOptions"}
2026-08-05 19:03:03.298 +07:00 [VRB] Sending message ReliablePongMessage using options={"Encrypt":false,"Compress":false,"$type":"SendOptions"}
2026-08-05 19:03:06.014 +07:00 [VRB] Sending message ReliablePongMessage using options={"Encrypt":false,"Compress":false,"$type":"SendOptions"}
2026-08-05 19:03:06.333 +07:00 [VRB] Sending message ItemUpdateInventoryAckMessage using options={"Encrypt":true,"Compress":false,"$type":"SendOptions"}
2026-08-05 19:03:06.335 +07:00 [VRB] Sending message RandomShopRollingStartAckMessage using options={"Encrypt":true,"Compress":false,"$type":"SendOptions"}
2026-08-05 19:03:06.338 +07:00 [VRB] Sending message MoneyRefreshCashInfoAckMessage using options={"Encrypt":true,"Compress":false,"$type":"SendOptions"}
2026-08-05 19:03:06.340 +07:00 [INF] RandomShop: Rolled 1020003 from pool 2
2026-08-05 19:03:07.135 +07:00 [VRB] Sending message TimeSyncAckMessage using options={"Encrypt":true,"Compress":false,"$type":"SendOptions"}
2026-08-05 19:03:12.147 +07:00 [VRB] Sending message TimeSyncAckMessage using options={"Encrypt":true,"Compress":false,"$type":"SendOptions"}
2026-08-05 19:03:17.164 +07:00 [VRB] Sending message TimeSyncAckMessage using options={"Encrypt":true,"Compress":false,"$type":"SendOptions"}
2026-08-05 19:03:22.174 +07:00 [VRB] Sending message TimeSyncAckMessage using options={"Encrypt":true,"Compress":false,"$type":"SendOptions"}
2026-08-05 19:03:27.172 +07:00 [VRB] Sending message TimeSyncAckMessage using options={"Encrypt":true,"Compress":false,"$type":"SendOptions"}
2026-08-05 19:03:32.192 +07:00 [VRB] Sending message TimeSyncAckMessage using options={"Encrypt":true,"Compress":false,"$type":"SendOptions"}
2026-08-05 19:03:32.714 +07:00 [INF] Playerdata save completed.
2026-08-05 19:03:37.201 +07:00 [VRB] Sending message TimeSyncAckMessage using options={"Encrypt":true,"Compress":false,"$type":"SendOptions"}
2026-08-05 19:03:42.206 +07:00 [VRB] Sending message TimeSyncAckMessage using options={"Encrypt":true,"Compress":false,"$type":"SendOptions"}
2026-08-05 19:03:47.207 +07:00 [VRB] Sending message TimeSyncAckMessage using options={"Encrypt":true,"Compress":false,"$type":"SendOptions"}
2026-08-05 19:03:52.223 +07:00 [VRB] Sending message TimeSyncAckMessage using options={"Encrypt":true,"Compress":false,"$type":"SendOptions"}
2026-08-05 19:03:57.234 +07:00 [VRB] Sending message TimeSyncAckMessage using options={"Encrypt":true,"Compress":false,"$type":"SendOptions"}
2026-08-05 19:04:02.246 +07:00 [VRB] Sending message TimeSyncAckMessage using options={"Encrypt":true,"Compress":false,"$type":"SendOptions"}
2026-08-05 19:04:07.251 +07:00 [VRB] Sending message TimeSyncAckMessage using options={"Encrypt":true,"Compress":false,"$type":"SendOptions"}
2026-08-05 19:04:12.260 +07:00 [VRB] Sending message TimeSyncAckMessage using options={"Encrypt":true,"Compress":false,"$type":"SendOptions"}
2026-08-05 19:04:17.267 +07:00 [VRB] Sending message TimeSyncAckMessage using options={"Encrypt":true,"Compress":false,"$type":"SendOptions"}
2026-08-05 19:04:20.104 +07:00 [INF] Closing...
2026-08-05 19:04:20.105 +07:00 [VRB] Sending message ItemUseChangeNickAckMessage using options={"Encrypt":true,"Compress":false,"$type":"SendOptions"}
2026-08-05 19:04:20.106 +07:00 [VRB] Sending message ServerResultAckMessage using options={"Encrypt":true,"Compress":false,"$type":"SendOptions"}
